"id","B","d_z0_a0","d_z0_a1","d_z1_a0","d_z1_a1","y_d0_a0","y_d0_a1","y_d1_a0","y_d1_a1","a","z","D","y","pi_star_2","pi_star_3","n_k","n_jk","J_a","n_jkz","D_star","Y_star","weight"
1,1,1,1,1,1,10.2572159612444,15.4611073180984,16.1013043197696,22.4917718366418,1,1,1,22.4917718366418,0,0,202,20,5,14,1,22.4917718366418,0.0141442715700141
1,1,0,0,1,1,8.77462474945235,13.6149837771232,14.4607387224109,20.7959552688885,1,1,1,20.7959552688885,0,0,202,20,5,14,1,20.7959552688885,0.0141442715700141
1,3,0,0,1,1,8.03299549905493,14.0222812236881,14.3463298598442,22.2818347116389,1,0,0,14.0222812236881,0,0.343333333333333,206,21,5,6,0,14.0222812236881,0.0339805825242718
1,1,0,0,1,1,8.8558381187536,13.3968124938483,15.2479986901334,21.7055166127639,1,1,1,21.7055166127639,0,0,202,20,5,14,1,21.7055166127639,0.0141442715700141
1,1,0,0,1,1,8.81394055978992,14.3584876533142,15.3148568827648,22.7474937524244,1,1,1,22.7474937524244,0,0,202,20,5,14,1,22.7474937524244,0.0141442715700141
1,3,0,0,1,1,12.4945100531839,16.6206455645714,20.4288372122458,26.1544902256413,1,1,1,26.1544902256413,0,0.343333333333333,206,21,5,15,1,26.1544902256413,0.0135922330097087
1,2,0,0,1,1,8.74117315207739,12.2839918205492,16.8636435102079,22.8890358801614,1,1,1,22.8890358801614,0.32,0,192,19,5,13,1,22.8890358801614,0.015224358974359
1,2,0,0,1,1,8.43423025675774,13.405079009946,15.9779087044541,23.034745751654,1,0,0,13.405079009946,0.32,0,192,19,5,6,0,13.405079009946,0.0329861111111111
1,1,0,0,1,1,12.2080688987308,17.5561732818495,18.0947133922414,25.3765963646511,1,1,1,25.3765963646511,0,0,202,20,5,14,1,25.3765963646511,0.0141442715700141
1,3,0,0,1,1,9.11097190527056,13.7038179833596,19.668481816457,26.3344523849372,1,0,0,13.7038179833596,0,0.343333333333333,206,21,5,6,0,13.7038179833596,0.0339805825242718
1,3,0,0,1,1,7.71742609173389,13.69557276389,14.362401045897,23.387106996331,1,1,1,23.387106996331,0,0.343333333333333,206,21,5,15,1,23.387106996331,0.0135922330097087
1,2,0,0,1,1,9.02963665427116,14.8030539311673,18.222690641584,25.5208982518078,1,1,1,25.5208982518078,0.32,0,192,19,5,13,1,25.5208982518078,0.015224358974359
1,1,0,1,1,1,10.3904471950636,15.3406938254542,17.8892091563265,24.5970629616271,1,1,1,24.5970629616271,0,0,202,20,5,14,1,24.5970629616271,0.0141442715700141
1,3,0,0,1,1,9.91923670068718,14.5036038351072,16.8985867653991,22.5549483004708,1,0,0,14.5036038351072,0,0.343333333333333,206,21,5,6,0,14.5036038351072,0.0339805825242718
1,2,0,0,1,1,6.12973785989512,11.5281010864631,12.7761675473406,20.9200934460946,1,1,1,20.9200934460946,0.32,0,192,19,5,13,1,20.9200934460946,0.015224358974359
1,1,0,0,1,1,10.6342005738812,13.1432653789971,17.6123603923498,21.8342762190963,1,1,1,21.8342762190963,0,0,202,20,5,14,1,21.8342762190963,0.0141442715700141
1,2,0,1,1,1,7.78108374761685,13.4676509437007,15.7679025038648,23.5464742297503,1,1,1,23.5464742297503,0.32,0,192,19,5,13,1,23.5464742297503,0.015224358974359
1,2,0,1,1,1,6.62398511841515,12.4993366077208,13.2327404834097,21.4552962515429,1,0,1,21.4552962515429,0.32,0,192,19,5,6,1,21.4552962515429,0.0329861111111111
1,2,0,0,0,0,9.06020653951502,15.0937502724726,17.8000891308862,25.4613861156846,1,0,0,15.0937502724726,0.32,0,192,19,5,6,0,15.0937502724726,0.0329861111111111
1,3,0,0,1,1,4.82536926063996,9.37489641359127,14.6636327651022,21.1826747182528,1,1,1,21.1826747182528,0,0.343333333333333,206,21,5,15,1,21.1826747182528,0.0135922330097087
1,1,0,0,1,1,10.6744619709519,14.3942323845264,18.1888780034952,23.356539024828,1,0,0,14.3942323845264,0,0,202,20,5,6,0,14.3942323845264,0.033003300330033
1,2,0,0,1,1,9.50500239874323,14.7362806526693,17.8595267999683,25.2057750846906,1,0,0,14.7362806526693,0.32,0,192,19,5,6,0,14.7362806526693,0.0329861111111111
1,1,0,0,1,1,10.5914709033232,16.250995288957,15.2110672309792,22.7937154402823,1,0,0,16.250995288957,0,0,202,20,5,6,0,16.250995288957,0.033003300330033
1,3,0,0,1,1,9.60643246089945,13.90666902078,17.4871439806636,23.3463808028234,1,1,1,23.3463808028234,0,0.343333333333333,206,21,5,15,1,23.3463808028234,0.0135922330097087
1,2,0,0,1,1,9.96805943873233,14.0986346428219,18.8342394616619,24.9511035790994,1,1,1,24.9511035790994,0.32,0,192,19,5,13,1,24.9511035790994,0.015224358974359
1,2,0,0,0,0,7.9978643272841,13.0532425354648,15.2964456645515,22.9028956374962,1,0,0,13.0532425354648,0.32,0,192,19,5,6,0,13.0532425354648,0.0329861111111111
1,3,0,0,1,1,10.26173246729,14.884971841089,18.8102087849038,25.333963115897,1,1,1,25.333963115897,0,0.343333333333333,206,21,5,15,1,25.333963115897,0.0135922330097087
1,3,0,0,1,1,11.0547467757945,15.8490550750921,20.6275463908129,27.6501723315744,1,1,1,27.6501723315744,0,0.343333333333333,206,21,5,15,1,27.6501723315744,0.0135922330097087
1,3,0,0,1,1,13.5031847879703,19.1386980639044,21.1634731603268,27.9965945342077,1,1,1,27.9965945342077,0,0.343333333333333,206,21,5,15,1,27.9965945342077,0.0135922330097087
1,3,0,1,1,1,8.93568303314378,13.3369564565492,16.74765359835,23.924569752531,1,0,1,23.924569752531,0,0.343333333333333,206,21,5,6,1,23.924569752531,0.0339805825242718
1,1,0,0,1,1,11.9500855259118,16.8130180884521,17.5651860000672,24.7467729036825,1,0,0,16.8130180884521,0,0,202,20,5,6,0,16.8130180884521,0.033003300330033
1,2,0,0,1,1,13.1389803299315,17.9278660726643,18.7227976974051,24.9055346984482,1,1,1,24.9055346984482,0.32,0,192,19,5,13,1,24.9055346984482,0.015224358974359
1,1,0,0,1,1,8.50834823387216,13.3555030648138,16.4021430817947,23.7923458568303,1,1,1,23.7923458568303,0,0,202,20,5,14,1,23.7923458568303,0.0141442715700141
1,1,0,0,0,0,10.4641448152084,15.8093522270624,15.741132531675,21.7958241837801,1,0,0,15.8093522270624,0,0,202,20,5,6,0,15.8093522270624,0.033003300330033
1,3,0,0,1,1,8.87930019050131,15.0663194611598,16.9903751662582,24.9010468174398,1,1,1,24.9010468174398,0,0.343333333333333,206,21,5,15,1,24.9010468174398,0.0135922330097087
1,1,0,0,1,1,8.06015564620758,11.5629020547693,14.6782432951572,20.1014340221334,1,1,1,20.1014340221334,0,0,202,20,5,14,1,20.1014340221334,0.0141442715700141
1,3,0,0,1,1,10.9092233729537,16.4923943294026,18.229810914046,26.5290202314247,1,1,1,26.5290202314247,0,0.343333333333333,206,21,5,15,1,26.5290202314247,0.0135922330097087
1,3,0,0,1,1,11.7895628310704,17.3576443716154,20.454141383354,28.1237515682566,1,1,1,28.1237515682566,0,0.343333333333333,206,21,5,15,1,28.1237515682566,0.0135922330097087
1,2,0,0,1,1,9.86788459400927,15.0127641903171,17.7213543319479,24.0705391938819,1,1,1,24.0705391938819,0.32,0,192,19,5,13,1,24.0705391938819,0.015224358974359
1,1,0,0,1,1,11.9035400797073,17.3462945092698,17.1386580083654,24.1601875997131,1,1,1,24.1601875997131,0,0,202,20,5,14,1,24.1601875997131,0.0141442715700141
1,2,0,0,1,1,14.0766598953882,19.008900174928,22.0071108614362,28.8469990781096,1,1,1,28.8469990781096,0.32,0,192,19,5,13,1,28.8469990781096,0.015224358974359
1,2,0,0,1,1,10.7059783286037,14.3405978429833,18.2328669396465,24.0871696218766,1,1,1,24.0871696218766,0.32,0,192,19,5,13,1,24.0871696218766,0.015224358974359
1,3,0,0,1,1,10.7837531811759,15.613897166014,19.7305283658483,26.1078628378512,1,1,1,26.1078628378512,0,0.343333333333333,206,21,5,15,1,26.1078628378512,0.0135922330097087
1,2,0,0,0,1,12.5234075965625,17.9352552468058,18.0952036229744,26.3442503539559,1,1,1,26.3442503539559,0.32,0,192,19,5,13,1,26.3442503539559,0.015224358974359
1,1,0,0,1,1,9.99722383801361,15.5448339018415,14.7724189972174,22.851206337015,1,1,1,22.851206337015,0,0,202,20,5,14,1,22.851206337015,0.0141442715700141
1,1,0,0,0,1,8.59012620049525,13.341303924645,16.653368830811,23.6814109303086,1,1,1,23.6814109303086,0,0,202,20,5,14,1,23.6814109303086,0.0141442715700141
1,3,0,0,1,1,10.8876195126012,15.4767729009683,17.2894667228957,24.4684475426359,1,1,1,24.4684475426359,0,0.343333333333333,206,21,5,15,1,24.4684475426359,0.0135922330097087
1,2,0,0,1,1,7.1522653604072,11.1477423284509,14.866761775589,19.7852453831224,1,1,1,19.7852453831224,0.32,0,192,19,5,13,1,19.7852453831224,0.015224358974359
1,2,0,0,1,1,8.83565431863476,13.4314639277325,14.5300682177922,20.3618746257263,1,1,1,20.3618746257263,0.32,0,192,19,5,13,1,20.3618746257263,0.015224358974359
1,1,1,1,1,1,12.552698899438,20.0039866931403,18.0155644513037,26.7092692315569,1,1,1,26.7092692315569,0,0,202,20,5,14,1,26.7092692315569,0.0141442715700141
1,1,0,0,1,1,11.0996111047997,15.3328877941968,15.527013521984,21.7989761133307,1,1,1,21.7989761133307,0,0,202,20,5,14,1,21.7989761133307,0.0141442715700141
1,2,0,1,1,1,12.1826216036512,18.1555854885821,18.5589360216341,26.363298482502,1,0,1,26.363298482502,0.32,0,192,19,5,6,1,26.363298482502,0.0329861111111111
1,3,0,0,1,1,11.0250012192794,15.9658698139327,20.9899628313161,27.5784136137575,1,0,0,15.9658698139327,0,0.343333333333333,206,21,5,6,0,15.9658698139327,0.0339805825242718
1,3,0,0,1,1,12.5268409593794,15.6989038563985,22.3354871817134,26.5256784073977,1,0,0,15.6989038563985,0,0.343333333333333,206,21,5,6,0,15.6989038563985,0.0339805825242718
1,2,0,0,1,1,9.11497207057272,13.5175098440779,17.6530421763367,24.3126699255828,1,1,1,24.3126699255828,0.32,0,192,19,5,13,1,24.3126699255828,0.015224358974359
1,1,0,0,1,1,11.9321559421611,16.2888067546837,18.1458844588729,24.1167165770477,1,0,0,16.2888067546837,0,0,202,20,5,6,0,16.2888067546837,0.033003300330033
1,1,0,0,1,1,11.9410828548429,17.7347947899631,17.7749474694224,26.0164403055841,1,0,0,17.7347947899631,0,0,202,20,5,6,0,17.7347947899631,0.033003300330033
1,3,0,0,1,1,14.3915992725046,21.0287306525049,22.0875182575278,30.3831134284346,1,1,1,30.3831134284346,0,0.343333333333333,206,21,5,15,1,30.3831134284346,0.0135922330097087
1,3,0,0,1,1,11.6333502643416,17.1182992952648,19.1585244286145,26.9036164502432,1,1,1,26.9036164502432,0,0.343333333333333,206,21,5,15,1,26.9036164502432,0.0135922330097087
1,3,0,0,0,1,10.9980912429329,16.4831220008019,18.5356067163435,26.9526535695383,1,1,1,26.9526535695383,0,0.343333333333333,206,21,5,15,1,26.9526535695383,0.0135922330097087
2,2,0,0,1,1,8.58357660827926,13.2537015874763,16.0256564042139,22.2811021789639,0,0,0,8.58357660827926,0.32,0,192,14,5,10,0,8.58357660827926,0.0145833333333333
2,3,0,1,1,1,3.91509699099293,8.03533506154518,11.681610021093,18.807211494812,0,0,0,3.91509699099293,0,0.343333333333333,206,19,5,13,0,3.91509699099293,0.0141896938013443
2,3,0,0,1,1,8.52119197872598,15.2705624363813,16.1098116345112,24.4904208074132,0,0,0,8.52119197872598,0,0.343333333333333,206,19,5,13,0,8.52119197872598,0.0141896938013443
2,1,0,1,1,1,8.90378031168646,13.7692369447897,14.4162539773809,22.8960949421585,0,0,0,8.90378031168646,0,0,202,27,5,19,0,8.90378031168646,0.0140698280354351
2,3,0,0,1,1,7.40712306572638,13.6077160506053,16.7810389532632,24.6995086100794,0,1,1,16.7810389532632,0,0.343333333333333,206,19,5,6,1,16.7810389532632,0.0307443365695793
2,2,0,0,1,1,11.1549045915396,16.6858883591346,16.6349142572781,23.6520200977195,0,0,0,11.1549045915396,0.32,0,192,14,5,10,0,11.1549045915396,0.0145833333333333
2,1,0,0,1,1,8.10916734871558,13.2868514690567,15.2367802684989,22.9061245018461,0,0,0,8.10916734871558,0,0,202,27,5,19,0,8.10916734871558,0.0140698280354351
2,3,0,0,1,1,13.4108072520315,18.1314952859861,19.5712152058472,25.8729142850678,0,0,0,13.4108072520315,0,0.343333333333333,206,19,5,13,0,13.4108072520315,0.0141896938013443
2,1,0,0,1,1,10.2057874243258,15.7207542272465,16.903619304873,24.6644054048135,0,0,0,10.2057874243258,0,0,202,27,5,19,0,10.2057874243258,0.0140698280354351
2,3,0,0,1,1,11.01909021332,14.3112040051679,18.8600341879931,23.078863768633,0,0,0,11.01909021332,0,0.343333333333333,206,19,5,13,0,11.01909021332,0.0141896938013443
2,3,0,0,1,1,11.6374855386209,16.1246012351957,20.1860518185339,26.6148407216885,0,1,1,20.1860518185339,0,0.343333333333333,206,19,5,6,1,20.1860518185339,0.0307443365695793
2,1,0,0,1,1,10.9103151092383,13.5950364163583,15.1586375713359,20.1185454562067,0,0,0,10.9103151092383,0,0,202,27,5,19,0,10.9103151092383,0.0140698280354351
2,2,0,1,1,1,9.33973784482664,14.5992718777327,16.281083237665,23.7234010130485,0,0,0,9.33973784482664,0.32,0,192,14,5,10,0,9.33973784482664,0.0145833333333333
2,1,0,0,1,1,10.1224843346893,15.0037533876295,16.4932940336064,23.3831849979918,0,1,1,16.4932940336064,0,0,202,27,5,8,1,16.4932940336064,0.0334158415841584
2,1,0,0,1,1,9.66323585288535,13.9690863537786,17.0707861964695,23.6938033274667,0,1,1,17.0707861964695,0,0,202,27,5,8,1,17.0707861964695,0.0334158415841584
2,1,0,0,1,1,8.10570763565485,13.0018502465315,14.2768665774874,21.1377725489857,0,1,1,14.2768665774874,0,0,202,27,5,8,1,14.2768665774874,0.0334158415841584
2,2,0,0,1,1,10.201219066268,16.1675693452473,19.4213441261024,26.7297510759337,0,1,1,19.4213441261024,0.32,0,192,14,5,4,1,19.4213441261024,0.0364583333333333
2,1,0,0,1,1,9.73649972525764,15.0620561421234,13.8872546227815,21.0111228556793,0,1,1,13.8872546227815,0,0,202,27,5,8,1,13.8872546227815,0.0334158415841584
2,3,0,0,1,1,11.3700973119217,16.3838728763797,19.9528733478866,26.8876893438921,0,1,1,19.9528733478866,0,0.343333333333333,206,19,5,6,1,19.9528733478866,0.0307443365695793
2,1,0,0,1,1,12.0820880012157,16.497240315615,17.4167273593358,24.6382375872374,0,0,0,12.0820880012157,0,0,202,27,5,19,0,12.0820880012157,0.0140698280354351
2,2,0,0,1,1,8.18643495506733,13.8396210466131,13.7117105470336,20.9650924575912,0,1,1,13.7117105470336,0.32,0,192,14,5,4,1,13.7117105470336,0.0364583333333333
2,1,1,1,1,1,10.3230733160587,16.5163389629869,17.0793193184124,25.4572101304077,0,0,1,17.0793193184124,0,0,202,27,5,19,1,17.0793193184124,0.0140698280354351
2,3,0,1,1,1,11.1305274474573,16.262234509845,20.2176603316919,27.5112437858318,0,0,0,11.1305274474573,0,0.343333333333333,206,19,5,13,0,11.1305274474573,0.0141896938013443
2,1,0,1,1,1,11.2590078254585,16.2193672100578,18.7350596427813,25.3553548789554,0,0,0,11.2590078254585,0,0,202,27,5,19,0,11.2590078254585,0.0140698280354351
2,2,0,1,1,1,12.3248480310182,17.4472037478473,19.5711582931718,26.3621226054521,0,1,1,19.5711582931718,0.32,0,192,14,5,4,1,19.5711582931718,0.0364583333333333
2,1,0,0,1,1,9.86707672085192,16.6795705517918,15.6650786786281,24.9197310488718,0,0,0,9.86707672085192,0,0,202,27,5,19,0,9.86707672085192,0.0140698280354351
2,1,0,0,1,1,10.612089018332,15.7728448552052,15.0560124508756,22.2094208181682,0,1,1,15.0560124508756,0,0,202,27,5,8,1,15.0560124508756,0.0334158415841584
2,1,0,0,1,1,11.2760758937827,15.658890168078,19.9081256307683,26.6984073361313,0,0,0,11.2760758937827,0,0,202,27,5,19,0,11.2760758937827,0.0140698280354351
2,1,0,0,1,1,9.06815283486905,14.0842036036611,17.1508796645801,24.3910453110702,0,0,0,9.06815283486905,0,0,202,27,5,19,0,9.06815283486905,0.0140698280354351
2,2,0,0,1,1,12.6078335457494,17.3033009950864,18.5999321020728,24.9348798721733,0,0,0,12.6078335457494,0.32,0,192,14,5,10,0,12.6078335457494,0.0145833333333333
2,2,0,1,1,1,10.3569722924736,15.1788874478375,17.0379660598899,23.8971555334321,0,0,0,10.3569722924736,0.32,0,192,14,5,10,0,10.3569722924736,0.0145833333333333
2,3,0,0,1,1,10.0014323776414,14.2036462774815,17.9595009298865,23.8382621896947,0,0,0,10.0014323776414,0,0.343333333333333,206,19,5,13,0,10.0014323776414,0.0141896938013443
2,1,0,0,1,1,12.1900138397504,17.7845249284005,16.8677443743554,23.886611516029,0,1,1,16.8677443743554,0,0,202,27,5,8,1,16.8677443743554,0.0334158415841584
2,2,0,0,0,1,9.3141870107675,15.1943596543776,17.2995961129633,24.57893612367,0,0,0,9.3141870107675,0.32,0,192,14,5,10,0,9.3141870107675,0.0145833333333333
2,3,0,1,1,1,11.4825677004368,17.475511640382,20.3821893831479,28.2360586928897,0,0,0,11.4825677004368,0,0.343333333333333,206,19,5,13,0,11.4825677004368,0.0141896938013443
2,1,0,0,1,1,10.5709163639088,15.8584881203538,15.4057484102386,21.980885017211,0,0,0,10.5709163639088,0,0,202,27,5,19,0,10.5709163639088,0.0140698280354351
2,1,0,0,1,1,12.6953077745323,16.8502639261279,18.4186175682261,25.1521740415182,0,0,0,12.6953077745323,0,0,202,27,5,19,0,12.6953077745323,0.0140698280354351
2,2,0,0,1,1,7.98487639248787,14.354460117307,14.6122358941525,24.1270673920872,0,0,0,7.98487639248787,0.32,0,192,14,5,10,0,7.98487639248787,0.0145833333333333
2,1,0,0,1,1,9.82305586517049,15.1480689307691,16.1896800786949,23.3720395095695,0,1,1,16.1896800786949,0,0,202,27,5,8,1,16.1896800786949,0.0334158415841584
2,1,0,1,1,1,9.12118456747566,15.1696314715937,15.0985784518202,23.235821449492,0,0,0,9.12118456747566,0,0,202,27,5,19,0,9.12118456747566,0.0140698280354351
2,1,0,0,1,1,8.95239416605185,13.9078339907526,14.0888577749293,22.0223633189325,0,0,0,8.95239416605185,0,0,202,27,5,19,0,8.95239416605185,0.0140698280354351
2,2,0,1,1,1,11.628103923889,15.8531170555559,17.9991078932032,24.4014795139139,0,0,0,11.628103923889,0.32,0,192,14,5,10,0,11.628103923889,0.0145833333333333
2,3,0,0,1,1,12.4641411865487,17.3128172424844,20.6675065270935,27.1365248063577,0,0,0,12.4641411865487,0,0.343333333333333,206,19,5,13,0,12.4641411865487,0.0141896938013443
2,1,0,0,1,1,9.09543892822666,13.2061174766272,15.5511445941631,22.2953628822583,0,1,1,15.5511445941631,0,0,202,27,5,8,1,15.5511445941631,0.0334158415841584
2,1,0,0,1,1,11.0647894249673,16.6530376187271,17.41774477129,24.3959442078554,0,0,0,11.0647894249673,0,0,202,27,5,19,0,11.0647894249673,0.0140698280354351
2,2,0,0,1,1,12.383803695899,18.7063105574643,20.4557762780269,28.6549225350158,0,0,0,12.383803695899,0.32,0,192,14,5,10,0,12.383803695899,0.0145833333333333
2,3,0,1,1,1,7.9790538716027,13.3735210105733,15.692147862747,23.520826971414,0,0,0,7.9790538716027,0,0.343333333333333,206,19,5,13,0,7.9790538716027,0.0141896938013443
2,1,0,0,1,1,10.9260979785445,14.9768038759847,16.5717269474168,23.4351778933918,0,0,0,10.9260979785445,0,0,202,27,5,19,0,10.9260979785445,0.0140698280354351
2,3,0,0,1,1,12.4400691664776,20.0941785845565,22.2801565027104,31.5255214331465,0,0,0,12.4400691664776,0,0.343333333333333,206,19,5,13,0,12.4400691664776,0.0141896938013443
2,3,0,0,1,1,10.3930555426142,15.8657677987826,20.3512713086571,28.2179716234386,0,0,0,10.3930555426142,0,0.343333333333333,206,19,5,13,0,10.3930555426142,0.0141896938013443
2,1,0,1,1,1,13.76106459951,19.7409126902256,19.7717978446515,28.211799520995,0,0,0,13.76106459951,0,0,202,27,5,19,0,13.76106459951,0.0140698280354351
2,3,0,0,1,1,9.21218960582592,13.160103940784,17.2864931786331,23.4775541561496,0,1,1,17.2864931786331,0,0.343333333333333,206,19,5,6,1,17.2864931786331,0.0307443365695793
2,3,0,0,1,1,9.54492315391105,14.2706179625407,18.7395561254668,25.1579729013228,0,1,1,18.7395561254668,0,0.343333333333333,206,19,5,6,1,18.7395561254668,0.0307443365695793
2,1,0,0,1,1,10.4912600316232,16.2193162806816,16.0144425917658,24.3585859592945,0,0,0,10.4912600316232,0,0,202,27,5,19,0,10.4912600316232,0.0140698280354351
2,3,0,0,1,1,10.2551378533849,14.5392731457716,18.7101483890153,24.5662328897847,0,1,1,18.7101483890153,0,0.343333333333333,206,19,5,6,1,18.7101483890153,0.0307443365695793
2,3,0,0,1,1,10.0916476526157,14.9085527637009,16.3608696058221,22.710094496732,0,0,0,10.0916476526157,0,0.343333333333333,206,19,5,13,0,10.0916476526157,0.0141896938013443
2,3,0,0,1,1,9.82900304379026,12.5792500142441,16.3459244304162,20.7967912032204,0,0,0,9.82900304379026,0,0.343333333333333,206,19,5,13,0,9.82900304379026,0.0141896938013443
2,2,0,0,1,1,9.89259429115793,14.4624979216533,15.2977932442701,22.3347255528064,0,1,1,15.2977932442701,0.32,0,192,14,5,4,1,15.2977932442701,0.0364583333333333
2,1,0,0,1,1,11.255986832491,16.9802339234942,16.2149078884429,24.0561537314338,0,0,0,11.255986832491,0,0,202,27,5,19,0,11.255986832491,0.0140698280354351
2,2,0,0,1,1,9.91797755902213,15.8167737055047,15.2053066984866,22.4086574531808,0,0,0,9.91797755902213,0.32,0,192,14,5,10,0,9.91797755902213,0.0145833333333333
3,3,0,0,1,1,10.2287023720879,15.9149309795338,19.9184134844669,27.4369812617883,0,1,1,19.9184134844669,0,0.343333333333333,206,19,5,6,1,19.9184134844669,0.0307443365695793
3,1,0,0,1,1,10.2400653453742,14.6995843085841,15.4543957274449,22.2234743052597,0,0,0,10.2400653453742,0,0,202,19,5,13,0,10.2400653453742,0.0144706778370145
3,2,1,1,1,1,10.0164449050491,15.8119267425295,17.3500668873882,25.7298256746786,0,0,1,17.3500668873882,0.32,0,192,22,5,15,1,17.3500668873882,0.0152777777777778
3,2,0,0,1,1,8.79979775706859,13.8885459840106,15.0982129784556,22.3073464826901,0,0,0,8.79979775706859,0.32,0,192,22,5,15,0,8.79979775706859,0.0152777777777778
3,1,0,0,1,1,10.7815917213801,14.8655357367438,15.6475372930032,21.515213330921,0,0,0,10.7815917213801,0,0,202,19,5,13,0,10.7815917213801,0.0144706778370145
3,3,0,0,1,1,7.890437114646,12.6759751020878,16.3582587184611,23.0344547932726,0,0,0,7.890437114646,0,0.343333333333333,206,19,5,13,0,7.890437114646,0.0141896938013443
3,2,0,1,1,1,7.76347418999131,12.8899563326873,14.3417217742853,21.174205094174,0,0,0,7.76347418999131,0.32,0,192,22,5,15,0,7.76347418999131,0.0152777777777778
3,3,0,0,1,1,13.0665748431752,17.9188615302085,21.1101318226795,28.690733185187,0,1,1,21.1101318226795,0,0.343333333333333,206,19,5,6,1,21.1101318226795,0.0307443365695793
3,2,0,0,1,1,7.1886680634194,11.8377058255363,14.3096186353642,21.8812822549842,0,1,1,14.3096186353642,0.32,0,192,22,5,7,1,14.3096186353642,0.0327380952380952
3,3,0,0,1,1,12.37774889188,16.3344845116337,20.5873929911212,26.3002038727185,0,0,0,12.37774889188,0,0.343333333333333,206,19,5,13,0,12.37774889188,0.0141896938013443
3,1,0,0,1,1,6.16818997869664,10.7183138246721,12.9034775409026,19.5713046045595,0,0,0,6.16818997869664,0,0,202,19,5,13,0,6.16818997869664,0.0144706778370145
3,2,0,0,1,1,7.35657489160589,12.9871669221841,14.9360154344177,23.046192883885,0,1,1,14.9360154344177,0.32,0,192,22,5,7,1,14.9360154344177,0.0327380952380952
3,1,0,0,0,1,12.8686443493864,17.1521923415018,19.0908915406863,24.8097923913418,0,0,0,12.8686443493864,0,0,202,19,5,13,0,12.8686443493864,0.0144706778370145
3,1,1,1,1,1,11.8271446911747,17.1971485186387,18.1883587413146,25.6058335139739,0,1,1,18.1883587413146,0,0,202,19,5,6,1,18.1883587413146,0.0313531353135314
3,1,0,0,1,1,9.54416247065168,13.5518215886679,15.0625535341586,21.5661719141934,0,0,0,9.54416247065168,0,0,202,19,5,13,0,9.54416247065168,0.0144706778370145
3,2,0,0,1,1,12.8596906623642,17.2604555760484,20.2123103765158,26.8042144183314,0,0,0,12.8596906623642,0.32,0,192,22,5,15,0,12.8596906623642,0.0152777777777778
3,2,0,0,1,1,9.60589088783897,14.9602770267607,17.0652415558494,24.4256866154167,0,0,0,9.60589088783897,0.32,0,192,22,5,15,0,9.60589088783897,0.0152777777777778
3,2,0,0,1,1,9.30426856474315,14.0792049074499,15.1896789270459,22.4463065714096,0,1,1,15.1896789270459,0.32,0,192,22,5,7,1,15.1896789270459,0.0327380952380952
3,3,0,0,1,1,9.39408436610339,13.8177812824432,18.4541120052882,24.8793628935774,0,1,1,18.4541120052882,0,0.343333333333333,206,19,5,6,1,18.4541120052882,0.0307443365695793
3,3,0,1,1,1,9.34067847395935,13.9364301096238,18.3253043091991,24.6175696324451,0,0,0,9.34067847395935,0,0.343333333333333,206,19,5,13,0,9.34067847395935,0.0141896938013443
3,1,0,1,1,1,11.530672175537,15.5414887447932,17.5922863677203,23.4991526499002,0,0,0,11.530672175537,0,0,202,19,5,13,0,11.530672175537,0.0144706778370145
3,2,0,0,1,1,8.11909542369582,12.4683435486964,13.4607664058708,19.8243421484327,0,0,0,8.11909542369582,0.32,0,192,22,5,15,0,8.11909542369582,0.0152777777777778
3,1,0,1,1,1,7.80032485965677,13.2644965698258,13.6627328402283,22.2111189824147,0,0,0,7.80032485965677,0,0,202,19,5,13,0,7.80032485965677,0.0144706778370145
3,2,0,0,1,1,11.2072438949115,15.6859915937503,19.5269161521791,25.9257048753361,0,0,0,11.2072438949115,0.32,0,192,22,5,15,0,11.2072438949115,0.0152777777777778
3,2,0,0,1,1,7.56753448915178,11.6137340797949,15.3730823989195,21.2812179189015,0,1,1,15.3730823989195,0.32,0,192,22,5,7,1,15.3730823989195,0.0327380952380952
3,1,0,0,1,1,12.5350163697543,17.5126767238651,17.5375815301689,24.7560310483312,0,1,1,17.5375815301689,0,0,202,19,5,6,1,17.5375815301689,0.0313531353135314
3,1,0,0,1,1,9.98511913475587,14.9365695993413,16.2995609381609,23.0769042084808,0,0,0,9.98511913475587,0,0,202,19,5,13,0,9.98511913475587,0.0144706778370145
3,1,0,0,1,1,10.2578540135781,15.4715127362001,16.2740967911789,24.4811459951856,0,0,0,10.2578540135781,0,0,202,19,5,13,0,10.2578540135781,0.0144706778370145
3,3,0,0,1,1,11.3988207837225,17.2448760017552,18.0586899999962,26.2657731754637,0,1,1,18.0586899999962,0,0.343333333333333,206,19,5,6,1,18.0586899999962,0.0307443365695793
3,2,0,0,1,1,11.9300484466034,17.7337154254916,18.177510960956,26.7873830043132,0,0,0,11.9300484466034,0.32,0,192,22,5,15,0,11.9300484466034,0.0152777777777778
3,2,0,0,1,1,10.1901166321887,16.7807113332239,16.7162179291249,25.3694169667909,0,1,1,16.7162179291249,0.32,0,192,22,5,7,1,16.7162179291249,0.0327380952380952
3,1,0,1,1,1,10.6209302858916,15.8520948777863,16.7114289567663,23.8666534514858,0,0,0,10.6209302858916,0,0,202,19,5,13,0,10.6209302858916,0.0144706778370145
3,3,0,0,1,1,9.32979484324025,15.9943931374414,17.9409868008547,26.7924512446745,0,0,0,9.32979484324025,0,0.343333333333333,206,19,5,13,0,9.32979484324025,0.0141896938013443
3,3,0,0,0,1,9.81501412628615,14.9631298806735,16.7855500698383,23.6296411503624,0,0,0,9.81501412628615,0,0.343333333333333,206,19,5,13,0,9.81501412628615,0.0141896938013443
3,1,0,1,1,1,12.3280702334829,16.4605907359462,18.0064674718061,24.5393027648468,0,1,1,18.0064674718061,0,0,202,19,5,6,1,18.0064674718061,0.0313531353135314
3,3,0,0,1,1,10.5932950542239,16.5320018375258,17.8037798810835,25.1638878403753,0,1,1,17.8037798810835,0,0.343333333333333,206,19,5,6,1,17.8037798810835,0.0307443365695793
3,2,0,0,1,1,6.78062109503871,11.4838733110142,12.4176840882134,18.0894486931414,0,0,0,6.78062109503871,0.32,0,192,22,5,15,0,6.78062109503871,0.0152777777777778
3,3,0,0,1,1,8.81441421080724,14.1877911207939,18.1099577595137,25.4006721576309,0,0,0,8.81441421080724,0,0.343333333333333,206,19,5,13,0,8.81441421080724,0.0141896938013443
3,3,0,0,1,1,11.8898581219018,15.4750954893924,22.4199559186557,28.7317765058731,0,0,0,11.8898581219018,0,0.343333333333333,206,19,5,13,0,11.8898581219018,0.0141896938013443
3,2,1,1,1,1,7.61981619017641,13.1874699710583,14.4872533787401,21.6006014407959,0,0,1,14.4872533787401,0.32,0,192,22,5,15,1,14.4872533787401,0.0152777777777778
3,2,0,0,1,1,10.2094951706051,16.4186520458492,18.7732218225971,26.6908804559373,0,0,0,10.2094951706051,0.32,0,192,22,5,15,0,10.2094951706051,0.0152777777777778
3,1,0,0,1,1,9.75196425917614,14.1046094262021,15.1463276513608,21.7601983981855,0,0,0,9.75196425917614,0,0,202,19,5,13,0,9.75196425917614,0.0144706778370145
3,2,0,0,1,1,9.80481729115503,15.7097881267715,17.7738874510683,25.5148889239997,0,0,0,9.80481729115503,0.32,0,192,22,5,15,0,9.80481729115503,0.0152777777777778
3,2,0,0,0,1,9.7341895261716,14.0364065538219,17.5113270728272,24.5589177787457,0,1,0,9.7341895261716,0.32,0,192,22,5,7,0,9.7341895261716,0.0327380952380952
3,3,0,0,1,1,9.54221520329045,14.0488081947163,18.0648613022068,24.741796015405,0,0,0,9.54221520329045,0,0.343333333333333,206,19,5,13,0,9.54221520329045,0.0141896938013443
3,3,0,0,1,1,9.49385134520136,13.0549150370739,17.8045405401347,23.1894448652072,0,1,1,17.8045405401347,0,0.343333333333333,206,19,5,6,1,17.8045405401347,0.0307443365695793
3,2,0,0,1,1,7.80389690506629,12.1764151721871,15.4590128060573,21.8411470607912,0,0,0,7.80389690506629,0.32,0,192,22,5,15,0,7.80389690506629,0.0152777777777778
3,2,0,1,1,1,10.5164214865509,14.6319582179577,18.0158391384936,23.6270019177646,0,1,1,18.0158391384936,0.32,0,192,22,5,7,1,18.0158391384936,0.0327380952380952
3,3,0,1,1,1,10.3812018816589,14.356334578913,18.8056237676636,25.5784245381366,0,0,0,10.3812018816589,0,0.343333333333333,206,19,5,13,0,10.3812018816589,0.0141896938013443
3,2,0,0,0,1,8.70805838633935,13.8288575065024,16.4687279704813,23.4975574673612,0,0,0,8.70805838633935,0.32,0,192,22,5,15,0,8.70805838633935,0.0152777777777778
3,1,0,0,1,1,10.4694137337,14.5402958500174,14.7720833487691,19.7743859751751,0,1,1,14.7720833487691,0,0,202,19,5,6,1,14.7720833487691,0.0313531353135314
3,2,0,0,1,1,11.0223449686364,16.8823695118029,17.9218176305764,25.0754589070114,0,0,0,11.0223449686364,0.32,0,192,22,5,15,0,11.0223449686364,0.0152777777777778
3,3,0,0,1,1,9.39333340958274,13.2439000461943,17.4643606993417,22.7771098454472,0,0,0,9.39333340958274,0,0.343333333333333,206,19,5,13,0,9.39333340958274,0.0141896938013443
3,3,0,0,0,1,9.01324973345352,14.047494993707,17.69323260722,24.458823433418,0,0,0,9.01324973345352,0,0.343333333333333,206,19,5,13,0,9.01324973345352,0.0141896938013443
3,1,0,0,1,1,9.16146185899004,14.6885958453175,15.2604458669711,22.4670928103223,0,1,1,15.2604458669711,0,0,202,19,5,6,1,15.2604458669711,0.0313531353135314
3,3,0,0,1,1,9.57009589201109,16.211924091551,17.4706205344577,25.0823701378594,0,0,0,9.57009589201109,0,0.343333333333333,206,19,5,13,0,9.57009589201109,0.0141896938013443
3,1,0,0,1,1,9.27783455664558,16.647757423359,13.4046858461985,24.0232421262669,0,1,1,13.4046858461985,0,0,202,19,5,6,1,13.4046858461985,0.0313531353135314
3,1,0,0,1,1,14.1954615982419,19.2849609083725,20.9405427986261,27.9274284542914,0,0,0,14.1954615982419,0,0,202,19,5,13,0,14.1954615982419,0.0144706778370145
3,3,0,1,1,1,7.90981888459832,13.4556287071238,15.8665538501288,22.9172165554692,0,0,0,7.90981888459832,0,0.343333333333333,206,19,5,13,0,7.90981888459832,0.0141896938013443
3,1,0,0,1,1,8.24271362561016,14.6580877640318,14.8084654925211,22.7386919993634,0,0,0,8.24271362561016,0,0,202,19,5,13,0,8.24271362561016,0.0144706778370145
4,3,0,1,1,1,8.61466358884222,14.2697303085731,16.4102841731454,24.5256770369807,1,0,1,24.5256770369807,0,0.343333333333333,206,21,5,6,1,24.5256770369807,0.0339805825242718
4,2,0,0,1,1,10.8813261845568,16.208392315652,18.2952721286423,25.7816767225371,1,1,1,25.7816767225371,0.32,0,192,17,5,12,1,25.7816767225371,0.0147569444444444
4,2,0,0,1,1,12.5151315667679,17.9454006747731,20.1078425090862,27.4191245974996,1,1,1,27.4191245974996,0.32,0,192,17,5,12,1,27.4191245974996,0.0147569444444444
4,1,0,0,1,1,11.5737433899473,16.0241006935797,15.6149861298643,22.0509379735994,1,1,1,22.0509379735994,0,0,202,22,5,15,1,22.0509379735994,0.0145214521452145
4,3,0,0,1,1,10.3350647992551,15.7847663724721,18.9105416640757,26.2000021712993,1,1,1,26.2000021712993,0,0.343333333333333,206,21,5,15,1,26.2000021712993,0.0135922330097087
4,1,0,0,0,1,9.64177051116047,13.9227689429337,15.5281422043833,21.6301519794661,1,1,1,21.6301519794661,0,0,202,22,5,15,1,21.6301519794661,0.0145214521452145
4,3,0,0,1,1,9.16228812917516,14.0889932494908,18.4286846643592,25.8219311603409,1,1,1,25.8219311603409,0,0.343333333333333,206,21,5,15,1,25.8219311603409,0.0135922330097087
4,3,0,0,1,1,9.70079402046863,13.7699848755789,17.9142185682027,23.8664987523366,1,1,1,23.8664987523366,0,0.343333333333333,206,21,5,15,1,23.8664987523366,0.0135922330097087
4,1,0,0,1,1,10.211108041357,14.4412665548185,14.2874293417603,20.0913010137098,1,1,1,20.0913010137098,0,0,202,22,5,15,1,20.0913010137098,0.0145214521452145
4,2,0,0,1,1,10.4278464263451,14.2290613403691,17.5963575361894,22.8303115360915,1,0,0,14.2290613403691,0.32,0,192,17,5,5,0,14.2290613403691,0.0354166666666667
4,1,0,0,1,1,7.63512112468848,13.9616315690091,12.9523351310747,20.5525379294511,1,1,1,20.5525379294511,0,0,202,22,5,15,1,20.5525379294511,0.0145214521452145
4,1,0,0,1,1,6.56039443554135,14.2111041773488,12.4237868078843,22.8386432650217,1,1,1,22.8386432650217,0,0,202,22,5,15,1,22.8386432650217,0.0145214521452145
4,3,0,0,1,1,8.06220286787254,12.2784428666797,17.0145928746962,23.3633779889336,1,1,1,23.3633779889336,0,0.343333333333333,206,21,5,15,1,23.3633779889336,0.0135922330097087
4,3,0,0,1,1,10.8928577281675,16.3169858939215,16.885476742477,23.9245808378392,1,0,0,16.3169858939215,0,0.343333333333333,206,21,5,6,0,16.3169858939215,0.0339805825242718
4,3,0,0,1,1,10.5874794182536,14.5420587388248,18.0818009103645,24.5920316718503,1,1,1,24.5920316718503,0,0.343333333333333,206,21,5,15,1,24.5920316718503,0.0135922330097087
4,2,0,0,1,1,11.1801969419999,16.9462194208077,18.2540585646035,26.2541615429248,1,1,1,26.2541615429248,0.32,0,192,17,5,12,1,26.2541615429248,0.0147569444444444
4,3,0,0,1,1,12.0977651252673,19.2498943127245,19.2059387720118,28.462784577543,1,1,1,28.462784577543,0,0.343333333333333,206,21,5,15,1,28.462784577543,0.0135922330097087
4,1,0,1,1,1,7.35553443734222,12.3044580294506,12.2559976785242,19.6648492263298,1,1,1,19.6648492263298,0,0,202,22,5,15,1,19.6648492263298,0.0145214521452145
4,1,0,0,1,1,11.0831570372994,16.1020354757111,17.213609354954,23.840021670989,1,1,1,23.840021670989,0,0,202,22,5,15,1,23.840021670989,0.0145214521452145
4,2,0,0,1,1,11.5157412643439,18.7765252925457,18.4388324986574,27.4957772980762,1,1,1,27.4957772980762,0.32,0,192,17,5,12,1,27.4957772980762,0.0147569444444444
4,3,0,0,1,1,8.76385137525967,12.8710301299161,18.6165450212095,24.6283173641502,1,1,1,24.6283173641502,0,0.343333333333333,206,21,5,15,1,24.6283173641502,0.0135922330097087
4,2,0,0,1,1,8.54958677276937,13.1479255411309,16.1839527874316,23.4474601095605,1,1,1,23.4474601095605,0.32,0,192,17,5,12,1,23.4474601095605,0.0147569444444444
4,2,0,1,1,1,10.6468927627885,16.6219441884438,17.9506101144702,26.4040059569828,1,0,1,26.4040059569828,0.32,0,192,17,5,5,1,26.4040059569828,0.0354166666666667
4,1,0,0,1,1,12.2265193688158,16.9845522330855,18.1374304829393,25.5111993617692,1,0,0,16.9845522330855,0,0,202,22,5,7,0,16.9845522330855,0.0311173974540311
4,3,0,0,1,1,7.15684012453057,12.4494937903304,15.7435323579309,23.7102287551708,1,0,0,12.4494937903304,0,0.343333333333333,206,21,5,6,0,12.4494937903304,0.0339805825242718
4,1,0,1,1,1,9.62533197219226,13.7728682858938,15.20002952129,21.2001866113678,1,0,1,21.2001866113678,0,0,202,22,5,7,1,21.2001866113678,0.0311173974540311
4,1,0,0,1,1,8.38591357382332,13.2871973789642,12.8203801014092,20.2411375164014,1,1,1,20.2411375164014,0,0,202,22,5,15,1,20.2411375164014,0.0145214521452145
4,1,0,1,1,1,8.72165848569273,14.6793959458585,16.4359782316768,24.1098341867878,1,1,1,24.1098341867878,0,0,202,22,5,15,1,24.1098341867878,0.0145214521452145
4,1,0,0,1,1,10.7899050366122,14.5441710919519,15.5802855507751,21.2700270344651,1,0,0,14.5441710919519,0,0,202,22,5,7,0,14.5441710919519,0.0311173974540311
4,1,0,0,1,1,11.4887369603374,16.3281143401403,16.6875100019212,23.6820567954952,1,1,1,23.6820567954952,0,0,202,22,5,15,1,23.6820567954952,0.0145214521452145
4,3,0,1,1,1,11.652327119038,17.7132302948366,21.0831079378107,28.8277225730276,1,1,1,28.8277225730276,0,0.343333333333333,206,21,5,15,1,28.8277225730276,0.0135922330097087
4,3,0,0,0,1,10.9708826530308,15.7283569304763,16.8305844240418,24.4022887904646,1,1,1,24.4022887904646,0,0.343333333333333,206,21,5,15,1,24.4022887904646,0.0135922330097087
4,2,0,0,1,1,10.3979735305758,15.4985166533264,18.0305052156898,24.3995115458916,1,1,1,24.3995115458916,0.32,0,192,17,5,12,1,24.3995115458916,0.0147569444444444
4,2,0,0,1,1,8.96172885521828,15.3836259673666,15.3408413474067,23.2816985937566,1,1,1,23.2816985937566,0.32,0,192,17,5,12,1,23.2816985937566,0.0147569444444444
4,2,0,0,1,1,9.24082677222558,14.1950668980694,15.7788670804712,22.8639981581895,1,1,1,22.8639981581895,0.32,0,192,17,5,12,1,22.8639981581895,0.0147569444444444
4,3,0,0,0,1,7.37564075635363,12.5457472538227,15.4495530525628,23.2804375236519,1,0,0,12.5457472538227,0,0.343333333333333,206,21,5,6,0,12.5457472538227,0.0339805825242718
4,2,0,0,1,1,9.03242002816579,13.1996900324577,14.0171234611148,20.3607604955224,1,1,1,20.3607604955224,0.32,0,192,17,5,12,1,20.3607604955224,0.0147569444444444
4,2,0,0,1,1,10.542053906669,16.1903259132294,16.0339606190716,22.9380677610982,1,0,0,16.1903259132294,0.32,0,192,17,5,5,0,16.1903259132294,0.0354166666666667
4,3,0,0,0,1,9.94493279603235,17.4094701213897,18.5890033954112,28.0405599874368,1,1,1,28.0405599874368,0,0.343333333333333,206,21,5,15,1,28.0405599874368,0.0135922330097087
4,1,0,0,1,1,9.22325480922692,14.1866809855656,15.8372083174999,23.2438992349981,1,0,0,14.1866809855656,0,0,202,22,5,7,0,14.1866809855656,0.0311173974540311
4,3,0,0,1,1,10.0016594388862,14.0331317796686,17.9717993132326,23.3926711354353,1,1,1,23.3926711354353,0,0.343333333333333,206,21,5,15,1,23.3926711354353,0.0135922330097087
4,1,0,0,1,1,10.579671109368,14.7286902390569,16.3375317547986,22.1504952089628,1,1,1,22.1504952089628,0,0,202,22,5,15,1,22.1504952089628,0.0145214521452145
4,3,0,0,1,1,11.6289452403102,17.4331442911228,18.5720839471667,26.2773570973457,1,1,1,26.2773570973457,0,0.343333333333333,206,21,5,15,1,26.2773570973457,0.0135922330097087
4,2,0,0,1,1,9.30936320505788,14.3217194076737,16.8797277090425,23.3958658935138,1,0,0,14.3217194076737,0.32,0,192,17,5,5,0,14.3217194076737,0.0354166666666667
4,1,0,0,1,1,7.33477830874762,14.1585982163979,12.3483284647546,20.8392220588325,1,1,1,20.8392220588325,0,0,202,22,5,15,1,20.8392220588325,0.0145214521452145
4,3,0,0,1,1,8.26486442367798,13.2819197757555,16.905159824167,24.0924954429832,1,1,1,24.0924954429832,0,0.343333333333333,206,21,5,15,1,24.0924954429832,0.0135922330097087
4,2,0,0,1,1,15.4453439268277,20.4537004564168,23.4963521925156,31.2213242136284,1,1,1,31.2213242136284,0.32,0,192,17,5,12,1,31.2213242136284,0.0147569444444444
4,2,1,1,1,1,5.06550888469983,10.1069049313118,13.6597933921133,20.0515440955318,1,0,1,20.0515440955318,0.32,0,192,17,5,5,1,20.0515440955318,0.0354166666666667
4,3,0,1,1,1,6.76079191459735,12.3860002643902,14.5012630235145,21.7789339643261,1,0,1,21.7789339643261,0,0.343333333333333,206,21,5,6,1,21.7789339643261,0.0339805825242718
4,3,0,1,1,1,9.49265621409687,15.2670718183126,17.7843902920824,26.5915509519865,1,0,1,26.5915509519865,0,0.343333333333333,206,21,5,6,1,26.5915509519865,0.0339805825242718
4,3,0,0,1,1,11.3098655458772,17.4608072333266,18.3987987851965,26.3438363377174,1,1,1,26.3438363377174,0,0.343333333333333,206,21,5,15,1,26.3438363377174,0.0135922330097087
4,1,0,1,1,1,11.5196388851431,16.8065084813386,15.9856738075455,23.2058111744598,1,1,1,23.2058111744598,0,0,202,22,5,15,1,23.2058111744598,0.0145214521452145
4,1,0,0,1,1,9.06197823542212,13.6849034236686,14.2685232294867,21.1074592160723,1,1,1,21.1074592160723,0,0,202,22,5,15,1,21.1074592160723,0.0145214521452145
4,1,0,0,1,1,10.8222355205929,16.2970804375352,17.4150394464485,24.7604080802661,1,0,0,16.2970804375352,0,0,202,22,5,7,0,16.2970804375352,0.0311173974540311
4,1,0,1,1,1,10.7829813826891,15.7624471545772,17.5919773813082,24.58613672083,1,1,1,24.58613672083,0,0,202,22,5,15,1,24.58613672083,0.0145214521452145
4,1,0,0,1,1,11.4691424185962,16.8637339639265,19.1017811698721,26.647233185563,1,0,0,16.8637339639265,0,0,202,22,5,7,0,16.8637339639265,0.0311173974540311
4,1,0,0,1,1,13.36284555133,18.3211462408982,19.5271471325767,26.9037891630167,1,0,0,18.3211462408982,0,0,202,22,5,7,0,18.3211462408982,0.0311173974540311
4,2,0,1,1,1,15.0227220064691,19.2947700688961,21.3099249439342,27.886167811433,1,1,1,27.886167811433,0.32,0,192,17,5,12,1,27.886167811433,0.0147569444444444
4,3,0,0,1,1,9.79006901619733,13.2048450801474,17.235838020461,22.469402434648,1,1,1,22.469402434648,0,0.343333333333333,206,21,5,15,1,22.469402434648,0.0135922330097087
4,2,0,0,1,1,14.168298783474,17.8463224515939,21.7234105762222,26.5503270201765,1,1,1,26.5503270201765,0.32,0,192,17,5,12,1,26.5503270201765,0.0147569444444444
5,3,0,0,1,1,9.7097074030502,13.70221942732,17.710326498761,24.4488149944227,1,1,1,24.4488149944227,0,0.343333333333333,206,25,5,18,1,24.4488149944227,0.0134843581445523
5,3,0,1,1,1,7.66440457801523,12.68587277105,16.3592145707239,23.4552733077435,1,1,1,23.4552733077435,0,0.343333333333333,206,25,5,18,1,23.4552733077435,0.0134843581445523
5,1,0,0,1,1,8.96634819421504,14.3713355735871,14.6826348229351,22.1320678961515,1,0,0,14.3713355735871,0,0,202,15,5,5,0,14.3713355735871,0.0297029702970297
5,2,0,0,1,1,9.8308045295483,15.285132262357,16.9409920416672,23.8596515060696,1,1,1,23.8596515060696,0.32,0,192,20,5,14,1,23.8596515060696,0.0148809523809524
5,1,0,0,1,1,8.033424402957,13.9503591591794,13.7096669606674,21.8761011212567,1,1,1,21.8761011212567,0,0,202,15,5,10,1,21.8761011212567,0.0148514851485149
5,1,0,0,1,1,9.87870775398514,13.8296434600739,16.0876660266064,20.9501480758123,1,1,1,20.9501480758123,0,0,202,15,5,10,1,20.9501480758123,0.0148514851485149
5,1,0,0,1,1,12.2626032458115,17.2756687502139,18.8146439135013,26.0550623133246,1,0,0,17.2756687502139,0,0,202,15,5,5,0,17.2756687502139,0.0297029702970297
5,2,0,0,0,0,9.69127671754413,15.1398177314772,15.826049043389,24.1031057045962,1,1,0,15.1398177314772,0.32,0,192,20,5,14,0,15.1398177314772,0.0148809523809524
5,1,0,0,1,1,11.3320337225722,15.2133758634338,15.1951726076999,21.5247850461108,1,1,1,21.5247850461108,0,0,202,15,5,10,1,21.5247850461108,0.0148514851485149
5,2,0,0,1,1,11.505803482005,14.4610415077536,16.5650340748043,21.6910633907358,1,1,1,21.6910633907358,0.32,0,192,20,5,14,1,21.6910633907358,0.0148809523809524
5,1,0,0,1,1,12.3560873214858,15.8399933318658,16.7146593354957,22.3107730894535,1,1,1,22.3107730894535,0,0,202,15,5,10,1,22.3107730894535,0.0148514851485149
5,3,0,0,1,1,10.2756315263258,15.8203935206626,17.0392012214095,24.3279270454914,1,0,0,15.8203935206626,0,0.343333333333333,206,25,5,7,0,15.8203935206626,0.0346740638002774
5,3,0,0,1,1,11.8905023459992,16.8028369787823,18.8174425429857,25.2038827830352,1,1,1,25.2038827830352,0,0.343333333333333,206,25,5,18,1,25.2038827830352,0.0134843581445523
5,1,0,0,1,1,9.60925904510808,14.2437166195571,13.9841927406813,20.3851074246725,1,0,0,14.2437166195571,0,0,202,15,5,5,0,14.2437166195571,0.0297029702970297
5,2,0,0,1,1,10.3365506991688,16.4415696999814,16.8321027318174,24.1993424209876,1,0,0,16.4415696999814,0.32,0,192,20,5,6,0,16.4415696999814,0.0347222222222222
5,3,0,0,1,1,11.3607741559161,15.7543182715944,19.7950642892904,26.4615255979973,1,0,0,15.7543182715944,0,0.343333333333333,206,25,5,7,0,15.7543182715944,0.0346740638002774
5,2,0,1,1,1,13.2497958715063,17.9025454686198,20.6156505617789,26.8918491550195,1,0,1,26.8918491550195,0.32,0,192,20,5,6,1,26.8918491550195,0.0347222222222222
5,2,0,0,1,1,11.5864408562789,16.1064410601453,18.7699437141547,24.0670048626581,1,1,1,24.0670048626581,0.32,0,192,20,5,14,1,24.0670048626581,0.0148809523809524
5,3,0,0,0,1,13.5326032578921,18.1073348396916,20.2199615888852,27.1092359952759,1,1,1,27.1092359952759,0,0.343333333333333,206,25,5,18,1,27.1092359952759,0.0134843581445523
5,2,0,0,1,1,9.93661021231308,14.2818709607344,15.9021028849738,22.0649368145686,1,1,1,22.0649368145686,0.32,0,192,20,5,14,1,22.0649368145686,0.0148809523809524
5,3,0,1,1,1,10.0561066297054,17.6334905883501,17.546568851078,27.2316659970642,1,1,1,27.2316659970642,0,0.343333333333333,206,25,5,18,1,27.2316659970642,0.0134843581445523
5,2,0,0,1,1,10.2765669655538,12.9977987151474,17.7108983336713,21.7907588060411,1,0,0,12.9977987151474,0.32,0,192,20,5,6,0,12.9977987151474,0.0347222222222222
5,2,0,0,1,1,7.63155474471517,13.3080174412441,15.3418024473501,22.6879904707778,1,0,0,13.3080174412441,0.32,0,192,20,5,6,0,13.3080174412441,0.0347222222222222
5,3,0,1,1,1,10.8048466149794,13.4567140564743,19.1566039231648,23.9216815639048,1,1,1,23.9216815639048,0,0.343333333333333,206,25,5,18,1,23.9216815639048,0.0134843581445523
5,1,0,1,1,1,6.78567970566782,11.3952563362948,11.4812219733091,18.1392707914827,1,1,1,18.1392707914827,0,0,202,15,5,10,1,18.1392707914827,0.0148514851485149
5,2,0,0,1,1,12.8200604176238,18.8089378669888,21.9522416135828,29.76402766337,1,1,1,29.76402766337,0.32,0,192,20,5,14,1,29.76402766337,0.0148809523809524
5,2,0,0,0,0,9.96589957356668,14.5409417587611,16.9352588575588,22.9969831494399,1,1,0,14.5409417587611,0.32,0,192,20,5,14,0,14.5409417587611,0.0148809523809524
5,3,0,0,1,1,10.4350128926827,14.5925327427755,16.760355780091,22.4687728766989,1,1,1,22.4687728766989,0,0.343333333333333,206,25,5,18,1,22.4687728766989,0.0134843581445523
5,2,0,0,1,1,11.8024350733769,16.6466755946411,18.2781405365722,25.6442586570441,1,0,0,16.6466755946411,0.32,0,192,20,5,6,0,16.6466755946411,0.0347222222222222
5,3,0,1,1,1,8.92692913954299,15.1798867609834,16.6057742827583,24.8882911030864,1,0,1,24.8882911030864,0,0.343333333333333,206,25,5,7,1,24.8882911030864,0.0346740638002774
5,3,0,0,1,1,10.8996240131722,14.7897679693043,19.1477718410187,25.7587024880391,1,1,1,25.7587024880391,0,0.343333333333333,206,25,5,18,1,25.7587024880391,0.0134843581445523
5,2,0,0,1,1,10.3117625971286,15.9615678861603,18.1942582478014,26.1870278374294,1,1,1,26.1870278374294,0.32,0,192,20,5,14,1,26.1870278374294,0.0148809523809524
5,1,0,1,1,1,10.5709201120115,15.2978901900057,15.9631315604273,22.733347001845,1,0,1,22.733347001845,0,0,202,15,5,5,1,22.733347001845,0.0297029702970297
5,2,0,0,1,1,12.6645106225059,16.8857789130681,19.2774501083178,26.3723536222688,1,1,1,26.3723536222688,0.32,0,192,20,5,14,1,26.3723536222688,0.0148809523809524
5,3,0,1,1,1,11.4852889461765,15.6673586543719,19.8100881096968,26.2674384904162,1,0,1,26.2674384904162,0,0.343333333333333,206,25,5,7,1,26.2674384904162,0.0346740638002774
5,2,0,0,1,1,10.3323036745868,15.4621878203697,15.7271650502708,22.6968937397722,1,1,1,22.6968937397722,0.32,0,192,20,5,14,1,22.6968937397722,0.0148809523809524
5,3,0,0,1,1,8.77659586037357,14.3551249432165,16.985446425927,24.5358418974617,1,1,1,24.5358418974617,0,0.343333333333333,206,25,5,18,1,24.5358418974617,0.0134843581445523
5,2,0,0,1,1,10.404582550721,13.7414210228325,19.498615706093,24.86859626411,1,1,1,24.86859626411,0.32,0,192,20,5,14,1,24.86859626411,0.0148809523809524
5,2,0,0,1,1,11.9171899209756,17.0804597786654,19.0611524306001,25.0205369805632,1,1,1,25.0205369805632,0.32,0,192,20,5,14,1,25.0205369805632,0.0148809523809524
5,1,0,0,1,1,10.9132353784137,17.3597235587526,15.9996487952027,24.6802517442162,1,0,0,17.3597235587526,0,0,202,15,5,5,0,17.3597235587526,0.0297029702970297
5,1,0,1,1,1,10.3408218603364,14.2671865965572,17.2180255141919,23.9992930835869,1,1,1,23.9992930835869,0,0,202,15,5,10,1,23.9992930835869,0.0148514851485149
5,3,0,0,1,1,10.5467560581069,15.3855772723089,20.2997865794926,27.8421676729846,1,1,1,27.8421676729846,0,0.343333333333333,206,25,5,18,1,27.8421676729846,0.0134843581445523
5,3,1,1,1,1,8.44940772681627,12.9959110667168,18.2781964345318,24.2686250014024,1,1,1,24.2686250014024,0,0.343333333333333,206,25,5,18,1,24.2686250014024,0.0134843581445523
5,1,0,0,1,1,12.2419991388117,18.2840101169783,19.2807146112733,27.5622773408908,1,1,1,27.5622773408908,0,0,202,15,5,10,1,27.5622773408908,0.0148514851485149
5,1,0,0,1,1,7.14332757875395,10.9586546630106,10.7299367273198,16.3470129819442,1,1,1,16.3470129819442,0,0,202,15,5,10,1,16.3470129819442,0.0148514851485149
5,1,0,0,1,1,7.82842528181754,9.98526652399783,15.6673761846878,20.0138762554123,1,1,1,20.0138762554123,0,0,202,15,5,10,1,20.0138762554123,0.0148514851485149
5,3,0,0,1,1,8.82408332790019,15.167849530197,15.4933859875349,23.9182565800115,1,0,0,15.167849530197,0,0.343333333333333,206,25,5,7,0,15.167849530197,0.0346740638002774
5,3,0,0,1,1,9.47588340010045,14.6529578939253,19.4016075005431,26.8276993079388,1,0,0,14.6529578939253,0,0.343333333333333,206,25,5,7,0,14.6529578939253,0.0346740638002774
5,3,0,0,0,0,9.50472941251877,14.8739426812715,18.371008341499,26.323128811174,1,1,0,14.8739426812715,0,0.343333333333333,206,25,5,18,0,14.8739426812715,0.0134843581445523
5,3,0,0,1,1,9.27018920022253,13.299208024947,17.1946056041948,22.4015316092023,1,0,0,13.299208024947,0,0.343333333333333,206,25,5,7,0,13.299208024947,0.0346740638002774
5,3,0,0,1,1,11.4139667554675,15.1033697947777,17.9132378710312,23.7922742811711,1,1,1,23.7922742811711,0,0.343333333333333,206,25,5,18,1,23.7922742811711,0.0134843581445523
5,3,0,0,1,1,11.4351447046696,17.3659470876136,18.8694155221361,27.0342635446643,1,1,1,27.0342635446643,0,0.343333333333333,206,25,5,18,1,27.0342635446643,0.0134843581445523
5,3,0,1,1,1,9.60134218835115,15.2822580993546,16.8852627263826,24.6918569264047,1,1,1,24.6918569264047,0,0.343333333333333,206,25,5,18,1,24.6918569264047,0.0134843581445523
5,3,0,1,1,1,11.9539205387785,17.7395836032219,20.1653669932552,26.66397995972,1,1,1,26.66397995972,0,0.343333333333333,206,25,5,18,1,26.66397995972,0.0134843581445523
5,2,0,0,0,1,4.45029086259382,10.2386928101001,11.9439296913312,20.001950159443,1,1,1,20.001950159443,0.32,0,192,20,5,14,1,20.001950159443,0.0148809523809524
5,3,0,0,1,1,9.75564147326881,14.817606947707,17.9358545202125,24.0275058486425,1,1,1,24.0275058486425,0,0.343333333333333,206,25,5,18,1,24.0275058486425,0.0134843581445523
5,1,0,1,1,1,12.8565080822623,18.6629321895254,17.8295957412514,25.0830311234243,1,1,1,25.0830311234243,0,0,202,15,5,10,1,25.0830311234243,0.0148514851485149
5,2,0,0,1,1,8.65105887891417,12.8373451334799,16.8053532476782,23.5755118832542,1,0,0,12.8373451334799,0.32,0,192,20,5,6,0,12.8373451334799,0.0347222222222222
5,3,0,0,1,1,9.63453000096998,15.4285255350128,17.8571911303857,26.325234522033,1,1,1,26.325234522033,0,0.343333333333333,206,25,5,18,1,26.325234522033,0.0134843581445523
5,2,0,0,1,1,12.9820135783495,18.3607984099208,20.0133579018186,27.0220868505011,1,1,1,27.0220868505011,0.32,0,192,20,5,14,1,27.0220868505011,0.0148809523809524
6,2,0,0,1,1,9.54615099772614,14.168084837309,18.4446236316824,25.176607035625,1,0,0,14.168084837309,0.32,0,192,22,5,7,0,14.168084837309,0.0327380952380952
6,2,0,0,1,1,12.7103247875618,17.6081362919804,21.1580020362451,28.1887935815567,1,0,0,17.6081362919804,0.32,0,192,22,5,7,0,17.6081362919804,0.0327380952380952
6,3,0,1,1,1,11.9168698967487,17.6940778340609,20.7155201973102,28.0381455021749,1,1,1,28.0381455021749,0,0.343333333333333,206,19,5,13,1,28.0381455021749,0.0141896938013443
6,2,0,0,1,1,7.41682000870434,12.623960038394,14.7181525173949,21.8306250997208,1,1,1,21.8306250997208,0.32,0,192,22,5,15,1,21.8306250997208,0.0152777777777778
6,2,0,0,0,1,11.4666119872719,16.7495980671461,17.9083857781036,25.2243203116954,1,1,1,25.2243203116954,0.32,0,192,22,5,15,1,25.2243203116954,0.0152777777777778
6,1,0,1,1,1,12.0394295383719,17.9797188480518,18.2833092126585,26.0811376943485,1,1,1,26.0811376943485,0,0,202,19,5,13,1,26.0811376943485,0.0144706778370145
6,1,0,1,1,1,10.2108556718871,14.5853426030924,16.1756109378898,22.8595957689259,1,1,1,22.8595957689259,0,0,202,19,5,13,1,22.8595957689259,0.0144706778370145
6,1,0,0,1,1,9.37101351634446,14.9068618614357,15.0177028082019,22.6762957033745,1,1,1,22.6762957033745,0,0,202,19,5,13,1,22.6762957033745,0.0144706778370145
6,2,0,0,1,1,10.0934279817948,16.6915916402034,16.7548455006299,24.822616792424,1,1,1,24.822616792424,0.32,0,192,22,5,15,1,24.822616792424,0.0152777777777778
6,2,0,1,1,1,9.7122471562212,14.6930435344793,17.1848029119821,23.3089408743624,1,0,1,23.3089408743624,0.32,0,192,22,5,7,1,23.3089408743624,0.0327380952380952
6,3,0,0,1,1,10.4253865465327,17.8700019900488,18.2786751556771,27.465806039944,1,1,1,27.465806039944,0,0.343333333333333,206,19,5,13,1,27.465806039944,0.0141896938013443
6,3,0,0,1,1,5.56586806189602,10.4655987279169,16.2144218830847,23.1570236768952,1,0,0,10.4655987279169,0,0.343333333333333,206,19,5,6,0,10.4655987279169,0.0307443365695793
6,1,0,0,1,1,8.54873791375554,12.7632486880582,15.3168410799022,21.7925741903863,1,0,0,12.7632486880582,0,0,202,19,5,6,0,12.7632486880582,0.0313531353135314
6,2,0,0,1,1,8.19913094708298,13.3650821366557,15.467325281139,22.1926542002684,1,0,0,13.3650821366557,0.32,0,192,22,5,7,0,13.3650821366557,0.0327380952380952
6,3,0,0,1,1,8.04817546558838,12.3218096271674,17.0411742460222,23.4774961704148,1,1,1,23.4774961704148,0,0.343333333333333,206,19,5,13,1,23.4774961704148,0.0141896938013443
6,2,0,0,1,1,10.0631941499895,15.9570311786367,18.3522829416239,25.6925329260547,1,1,1,25.6925329260547,0.32,0,192,22,5,15,1,25.6925329260547,0.0152777777777778
6,2,0,0,1,1,9.5407952445956,14.6330174473139,17.3258600323965,24.1670647104532,1,1,1,24.1670647104532,0.32,0,192,22,5,15,1,24.1670647104532,0.0152777777777778
6,3,0,0,1,1,10.8304848859974,13.7021676168236,16.9798193627092,22.1645856475948,1,1,1,22.1645856475948,0,0.343333333333333,206,19,5,13,1,22.1645856475948,0.0141896938013443
6,2,0,0,1,1,9.77415620707974,13.4537861892267,16.5098752008692,23.053655174389,1,0,0,13.4537861892267,0.32,0,192,22,5,7,0,13.4537861892267,0.0327380952380952
6,1,0,0,1,1,14.7648437866622,19.8353375456859,20.3496591540212,27.280076626893,1,1,1,27.280076626893,0,0,202,19,5,13,1,27.280076626893,0.0144706778370145
6,3,1,1,1,1,12.825342751198,18.8341615743924,18.5889594659422,26.4564518749231,1,1,1,26.4564518749231,0,0.343333333333333,206,19,5,13,1,26.4564518749231,0.0141896938013443
6,2,1,1,1,1,7.90710764421463,12.3250582185009,16.1859119644101,22.2558202722868,1,1,1,22.2558202722868,0.32,0,192,22,5,15,1,22.2558202722868,0.0152777777777778
6,1,0,0,1,1,8.66706020364977,13.1261187732935,15.4964575564075,22.3502077219204,1,0,0,13.1261187732935,0,0,202,19,5,6,0,13.1261187732935,0.0313531353135314
6,1,0,0,1,1,11.9425828029396,16.9383235422031,17.1550240962851,24.7552430243449,1,1,1,24.7552430243449,0,0,202,19,5,13,1,24.7552430243449,0.0144706778370145
6,2,0,0,1,1,10.3689159367088,15.4356225134875,18.2098093375243,25.7987119188771,1,1,1,25.7987119188771,0.32,0,192,22,5,15,1,25.7987119188771,0.0152777777777778
6,2,0,0,1,1,12.875117781362,19.467127986421,19.289580850878,27.8816566038948,1,0,0,19.467127986421,0.32,0,192,22,5,7,0,19.467127986421,0.0327380952380952
6,3,0,1,1,1,8.97041536093837,15.2516022135463,15.7652333109525,24.0352446121736,1,1,1,24.0352446121736,0,0.343333333333333,206,19,5,13,1,24.0352446121736,0.0141896938013443
6,1,0,0,1,1,11.9766730015743,16.5992130424344,19.3176307669737,25.5491354592371,1,1,1,25.5491354592371,0,0,202,19,5,13,1,25.5491354592371,0.0144706778370145
6,1,0,0,1,1,8.5030228540174,12.5343363723728,15.9893913070571,21.4276624484425,1,1,1,21.4276624484425,0,0,202,19,5,13,1,21.4276624484425,0.0144706778370145
6,2,0,0,1,1,7.38453656402016,10.7070560466617,13.927442718912,19.5293899287884,1,1,1,19.5293899287884,0.32,0,192,22,5,15,1,19.5293899287884,0.0152777777777778
6,1,0,0,1,1,9.46400689298397,15.182742893872,16.5614440946416,24.5691283424413,1,1,1,24.5691283424413,0,0,202,19,5,13,1,24.5691283424413,0.0144706778370145
6,1,0,0,1,1,10.7681277046344,16.0094406834516,17.1597969619476,23.3225688104133,1,0,0,16.0094406834516,0,0,202,19,5,6,0,16.0094406834516,0.0313531353135314
6,3,0,0,1,1,7.31319803985334,12.4138035589851,14.5755571041196,20.6779589350671,1,1,1,20.6779589350671,0,0.343333333333333,206,19,5,13,1,20.6779589350671,0.0141896938013443
6,3,0,1,1,1,10.0132443104893,13.9884135434716,16.2427871827225,21.9084413837212,1,1,1,21.9084413837212,0,0.343333333333333,206,19,5,13,1,21.9084413837212,0.0141896938013443
6,3,0,0,1,1,9.72415800672482,13.6462341432965,17.2500831158525,23.8315869653029,1,0,0,13.6462341432965,0,0.343333333333333,206,19,5,6,0,13.6462341432965,0.0307443365695793
6,2,0,0,1,1,9.70240727050351,15.3599713821451,15.5551299447443,23.602316912674,1,1,1,23.602316912674,0.32,0,192,22,5,15,1,23.602316912674,0.0152777777777778
6,1,0,0,1,1,10.9475556118856,14.8382129084438,16.5293077940808,22.8382930490204,1,1,1,22.8382930490204,0,0,202,19,5,13,1,22.8382930490204,0.0144706778370145
6,3,0,0,1,1,12.1560604278968,14.8713877847715,19.0224444859733,23.2779287898033,1,0,0,14.8713877847715,0,0.343333333333333,206,19,5,6,0,14.8713877847715,0.0307443365695793
6,2,0,0,1,1,5.92775428439328,13.0801270850941,11.6362138425563,21.213625183253,1,1,1,21.213625183253,0.32,0,192,22,5,15,1,21.213625183253,0.0152777777777778
6,3,0,0,1,1,15.0622655143066,19.3618465150808,24.6400500829547,31.2851795175738,1,1,1,31.2851795175738,0,0.343333333333333,206,19,5,13,1,31.2851795175738,0.0141896938013443
6,1,0,0,1,1,10.9345364982554,14.9644215832302,15.0680611519943,20.1357135785038,1,1,1,20.1357135785038,0,0,202,19,5,13,1,20.1357135785038,0.0144706778370145
6,1,0,1,1,1,7.52600921025786,10.389704284643,14.0128579793528,18.9807254762358,1,0,1,18.9807254762358,0,0,202,19,5,6,1,18.9807254762358,0.0313531353135314
6,1,0,0,1,1,5.40157501133086,10.0704430098463,12.2998096590103,18.6699931991385,1,0,0,10.0704430098463,0,0,202,19,5,6,0,10.0704430098463,0.0313531353135314
6,3,0,0,1,1,12.4206212506021,18.1473944920724,18.3420824429057,25.7368014920568,1,1,1,25.7368014920568,0,0.343333333333333,206,19,5,13,1,25.7368014920568,0.0141896938013443
6,2,0,0,1,1,11.0035153381812,18.2576092551523,18.1530725538323,28.1618732684176,1,1,1,28.1618732684176,0.32,0,192,22,5,15,1,28.1618732684176,0.0152777777777778
6,2,0,0,1,1,7.29444095594563,12.3845063565241,12.3716641980871,20.2851781334569,1,1,1,20.2851781334569,0.32,0,192,22,5,15,1,20.2851781334569,0.0152777777777778
6,1,0,0,0,1,9.45300427988582,13.4700629895886,15.141190155019,21.0813376262161,1,0,0,13.4700629895886,0,0,202,19,5,6,0,13.4700629895886,0.0313531353135314
6,2,0,1,1,1,7.77824610078907,13.3941343902545,15.3497165109567,23.0257626865363,1,1,1,23.0257626865363,0.32,0,192,22,5,15,1,23.0257626865363,0.0152777777777778
6,1,0,0,1,1,10.0902964047667,15.4024129786254,16.0720516763342,23.2403478885118,1,1,1,23.2403478885118,0,0,202,19,5,13,1,23.2403478885118,0.0144706778370145
6,2,0,1,1,1,8.84569293837277,12.3414064597581,14.5766042093959,19.337741032218,1,1,1,19.337741032218,0.32,0,192,22,5,15,1,19.337741032218,0.0152777777777778
6,3,0,0,1,1,12.7620159218984,18.2391547660892,20.5648071611924,28.422249687875,1,1,1,28.422249687875,0,0.343333333333333,206,19,5,13,1,28.422249687875,0.0141896938013443
6,3,0,0,1,1,10.7462324017525,15.7940555961994,16.3571338876701,24.0779524141723,1,1,1,24.0779524141723,0,0.343333333333333,206,19,5,13,1,24.0779524141723,0.0141896938013443
6,3,0,0,1,1,8.38309637694499,12.8572442730185,18.405830323785,25.345789262186,1,0,0,12.8572442730185,0,0.343333333333333,206,19,5,6,0,12.8572442730185,0.0307443365695793
6,3,0,0,1,1,10.0071364618156,15.011969009428,16.9095742628687,23.33215622537,1,0,0,15.011969009428,0,0.343333333333333,206,19,5,6,0,15.011969009428,0.0307443365695793
6,3,0,0,1,1,9.89639946868224,15.0288947572048,17.356706120031,24.5024503151413,1,0,0,15.0288947572048,0,0.343333333333333,206,19,5,6,0,15.0288947572048,0.0307443365695793
6,1,0,0,1,1,9.13639878715838,13.1170329785179,14.5413613150232,20.2558873739009,1,1,1,20.2558873739009,0,0,202,19,5,13,1,20.2558873739009,0.0144706778370145
6,2,0,0,1,1,10.5707893353228,15.2084369629149,18.5668708699643,24.426970857493,1,1,1,24.426970857493,0.32,0,192,22,5,15,1,24.426970857493,0.0152777777777778
6,1,0,0,1,1,6.65192733614321,11.8507068357676,13.8821184042303,20.9617493682731,1,1,1,20.9617493682731,0,0,202,19,5,13,1,20.9617493682731,0.0144706778370145
6,2,0,0,1,1,8.99751485575188,14.0817125836957,15.6131633476971,21.5632806564212,1,0,0,14.0817125836957,0.32,0,192,22,5,7,0,14.0817125836957,0.0327380952380952
6,3,0,0,1,1,9.09229700964699,13.7400654708304,16.6022470625953,23.0438033418967,1,1,1,23.0438033418967,0,0.343333333333333,206,19,5,13,1,23.0438033418967,0.0141896938013443
7,3,0,0,1,1,10.8896990966858,16.2164729855923,19.237702602714,26.7646358317488,1,1,1,26.7646358317488,0,0.343333333333333,206,20,5,14,1,26.7646358317488,0.013869625520111
7,2,0,0,1,1,8.07575102153016,12.7193736119155,13.7651093610665,19.3596958853555,1,1,1,19.3596958853555,0.32,0,192,18,5,13,1,19.3596958853555,0.0144230769230769
7,1,0,0,1,1,8.90477958274531,14.9446853640394,13.9621686556801,21.9622555840818,1,0,0,14.9446853640394,0,0,202,22,5,7,0,14.9446853640394,0.0311173974540311
7,1,0,1,1,1,10.2499801476732,14.5435615369101,17.8278427942063,23.8343899657848,1,0,1,23.8343899657848,0,0,202,22,5,7,1,23.8343899657848,0.0311173974540311
7,3,0,0,1,1,8.95207110141128,14.1128973911857,15.2758983486456,22.1250745511199,1,0,0,14.1128973911857,0,0.343333333333333,206,20,5,6,0,14.1128973911857,0.0323624595469256
7,1,0,0,1,1,14.7166086851925,19.5680212514147,18.0612010806547,25.1290974605201,1,1,1,25.1290974605201,0,0,202,22,5,15,1,25.1290974605201,0.0145214521452145
7,1,0,0,1,1,13.6194635493275,19.1276714123883,18.2517797248606,25.7020961931876,1,1,1,25.7020961931876,0,0,202,22,5,15,1,25.7020961931876,0.0145214521452145
7,3,0,0,1,1,10.7927663564907,17.8100222529938,17.2522910553694,25.3535138326946,1,1,1,25.3535138326946,0,0.343333333333333,206,20,5,14,1,25.3535138326946,0.013869625520111
7,1,0,0,1,1,10.975348240182,15.8425090246649,16.0455773495284,22.6598943245058,1,1,1,22.6598943245058,0,0,202,22,5,15,1,22.6598943245058,0.0145214521452145
7,1,0,0,1,1,11.0091212915186,16.7984071667696,16.2486980838447,24.0134890207417,1,1,1,24.0134890207417,0,0,202,22,5,15,1,24.0134890207417,0.0145214521452145
7,3,0,0,1,1,9.41670684399493,16.1835299295727,15.352500816316,23.3891161308742,1,0,0,16.1835299295727,0,0.343333333333333,206,20,5,6,0,16.1835299295727,0.0323624595469256
7,3,0,0,1,1,9.99660153099356,15.9811919656402,18.7433236342018,26.1376774911679,1,1,1,26.1376774911679,0,0.343333333333333,206,20,5,14,1,26.1376774911679,0.013869625520111
7,2,0,0,1,1,11.3040815824144,15.3236454287897,15.8798394339419,22.1486890417228,1,1,1,22.1486890417228,0.32,0,192,18,5,13,1,22.1486890417228,0.0144230769230769
7,1,0,0,1,1,9.55001495369364,12.8787563482912,14.9206462419629,20.4225801801991,1,0,0,12.8787563482912,0,0,202,22,5,7,0,12.8787563482912,0.0311173974540311
7,2,0,1,1,1,9.17388025792479,13.906423904421,15.7027355062268,22.5076055884748,1,1,1,22.5076055884748,0.32,0,192,18,5,13,1,22.5076055884748,0.0144230769230769
7,2,0,0,1,1,10.4762855451675,15.8139223778813,19.3137323697987,26.1137068040964,1,0,0,15.8139223778813,0.32,0,192,18,5,5,0,15.8139223778813,0.0375
7,3,0,0,1,1,7.93345753481653,12.5236938907222,16.6729233408067,23.7183734685097,1,0,0,12.5236938907222,0,0.343333333333333,206,20,5,6,0,12.5236938907222,0.0323624595469256
7,2,0,0,1,1,8.44431727974805,12.7061612556692,15.6914953446073,22.5539244448304,1,1,1,22.5539244448304,0.32,0,192,18,5,13,1,22.5539244448304,0.0144230769230769
7,3,0,0,1,1,5.94321704333128,12.1132164144589,13.1238496298551,20.4019402129149,1,1,1,20.4019402129149,0,0.343333333333333,206,20,5,14,1,20.4019402129149,0.013869625520111
7,2,0,1,1,1,8.79477802598834,15.7748510220847,16.9993905198115,25.7711062465141,1,1,1,25.7711062465141,0.32,0,192,18,5,13,1,25.7711062465141,0.0144230769230769
7,3,0,0,1,1,9.02313040297375,12.8520447823244,18.2373469291775,24.0736146900612,1,1,1,24.0736146900612,0,0.343333333333333,206,20,5,14,1,24.0736146900612,0.013869625520111
7,2,0,0,1,1,6.32386808996521,12.8162006467408,12.6754312142555,21.4498699918979,1,0,0,12.8162006467408,0.32,0,192,18,5,5,0,12.8162006467408,0.0375
7,2,0,0,1,1,11.4985248348942,16.5008933406022,20.249153106481,28.5850230998856,1,0,0,16.5008933406022,0.32,0,192,18,5,5,0,16.5008933406022,0.0375
7,1,0,0,1,1,7.69565562738435,13.0451484124388,13.4058981094606,21.5571640619039,1,0,0,13.0451484124388,0,0,202,22,5,7,0,13.0451484124388,0.0311173974540311
7,2,0,1,1,1,11.6198941962851,17.0233068848343,18.8394621844049,25.9688983215135,1,1,1,25.9688983215135,0.32,0,192,18,5,13,1,25.9688983215135,0.0144230769230769
7,2,0,0,1,1,10.0459907915537,15.0829404449468,17.2500206137391,24.7816321024489,1,0,0,15.0829404449468,0.32,0,192,18,5,5,0,15.0829404449468,0.0375
7,1,0,1,1,1,6.83498126573199,10.7681293764916,12.7671353122606,18.7827527506928,1,1,1,18.7827527506928,0,0,202,22,5,15,1,18.7827527506928,0.0145214521452145
7,3,0,0,1,1,11.6922190659653,16.5039543396191,18.315011395679,25.8339232699611,1,1,1,25.8339232699611,0,0.343333333333333,206,20,5,14,1,25.8339232699611,0.013869625520111
7,1,0,0,0,1,6.01570948701661,12.7869702309239,10.5879483023851,18.8280416141241,1,0,0,12.7869702309239,0,0,202,22,5,7,0,12.7869702309239,0.0311173974540311
7,1,0,0,1,1,12.4993267258722,16.0836824179261,19.761885391166,25.1651611254712,1,0,0,16.0836824179261,0,0,202,22,5,7,0,16.0836824179261,0.0311173974540311
7,3,0,0,1,1,10.9829727027055,15.7108901077423,18.7282918161374,24.8922502154934,1,1,1,24.8922502154934,0,0.343333333333333,206,20,5,14,1,24.8922502154934,0.013869625520111
7,2,0,0,1,1,7.81980026581647,13.3371536691552,14.6257828340156,22.4974590697981,1,1,1,22.4974590697981,0.32,0,192,18,5,13,1,22.4974590697981,0.0144230769230769
7,3,0,0,0,1,7.6257093240809,11.9985386206102,14.4123836287687,21.40847580222,1,1,1,21.40847580222,0,0.343333333333333,206,20,5,14,1,21.40847580222,0.013869625520111
7,2,0,0,1,1,8.65838188625448,11.7448270263536,16.7358645151685,21.6460938044209,1,1,1,21.6460938044209,0.32,0,192,18,5,13,1,21.6460938044209,0.0144230769230769
7,1,0,0,1,1,11.1070369081901,17.1687582747048,16.9981482104667,24.3031657608267,1,1,1,24.3031657608267,0,0,202,22,5,15,1,24.3031657608267,0.0145214521452145
7,1,0,1,1,1,9.27500358509219,13.4217496897918,15.0009947055657,21.5492289460205,1,1,1,21.5492289460205,0,0,202,22,5,15,1,21.5492289460205,0.0145214521452145
7,1,0,0,1,1,12.4493084211807,19.7735039924952,16.5845467264809,26.0119109289172,1,1,1,26.0119109289172,0,0,202,22,5,15,1,26.0119109289172,0.0145214521452145
7,3,0,0,1,1,10.0288291671661,13.5052652862917,18.5629297694899,23.8429978371267,1,1,1,23.8429978371267,0,0.343333333333333,206,20,5,14,1,23.8429978371267,0.013869625520111
7,1,0,0,1,1,9.48359344223887,14.6913499691937,16.3157171380606,24.0535336303448,1,1,1,24.0535336303448,0,0,202,22,5,15,1,24.0535336303448,0.0145214521452145
7,1,0,0,1,1,10.4357106436751,15.8392756848055,17.3247334621253,25.2120274250627,1,1,1,25.2120274250627,0,0,202,22,5,15,1,25.2120274250627,0.0145214521452145
7,1,0,0,1,1,12.1948136005367,19.6731348998971,17.9824992552682,27.6657417248308,1,0,0,19.6731348998971,0,0,202,22,5,7,0,19.6731348998971,0.0311173974540311
7,2,0,0,1,1,9.19827152831005,13.908318191404,15.7168532443982,22.6308099432645,1,0,0,13.908318191404,0.32,0,192,18,5,5,0,13.908318191404,0.0375
7,2,0,0,1,1,11.7602522354246,17.21418878733,17.8097484113969,24.9929559409311,1,1,1,24.9929559409311,0.32,0,192,18,5,13,1,24.9929559409311,0.0144230769230769
7,2,0,0,1,1,8.87049930777459,14.2136202799641,16.063727134868,23.7525093733374,1,1,1,23.7525093733374,0.32,0,192,18,5,13,1,23.7525093733374,0.0144230769230769
7,1,0,0,1,1,10.7943318660089,14.9158617867787,18.2516792965127,24.5687021951806,1,1,1,24.5687021951806,0,0,202,22,5,15,1,24.5687021951806,0.0145214521452145
7,2,0,0,1,1,14.5448782468697,19.9276434861738,22.6531335263117,29.5688522154494,1,1,1,29.5688522154494,0.32,0,192,18,5,13,1,29.5688522154494,0.0144230769230769
7,1,0,0,1,1,12.926840968486,17.0116718899382,18.6630329859092,24.7839671330455,1,1,1,24.7839671330455,0,0,202,22,5,15,1,24.7839671330455,0.0145214521452145
7,3,0,0,1,1,9.75522713384687,15.2507115236645,16.5544873691413,23.9472239326043,1,0,0,15.2507115236645,0,0.343333333333333,206,20,5,6,0,15.2507115236645,0.0323624595469256
7,3,0,0,1,1,11.3293858414729,16.9872841949189,19.8884544062897,27.5891472284553,1,1,1,27.5891472284553,0,0.343333333333333,206,20,5,14,1,27.5891472284553,0.013869625520111
7,3,0,0,1,1,13.0611823217734,19.1753025487105,17.9188946580468,25.1550617290247,1,1,1,25.1550617290247,0,0.343333333333333,206,20,5,14,1,25.1550617290247,0.013869625520111
7,2,0,1,1,1,10.8357452646645,15.925179777132,18.7600286789244,26.4891906062331,1,1,1,26.4891906062331,0.32,0,192,18,5,13,1,26.4891906062331,0.0144230769230769
7,3,0,0,1,1,9.20345656057324,13.703672604228,17.1772763587055,23.228789003206,1,1,1,23.228789003206,0,0.343333333333333,206,20,5,14,1,23.228789003206,0.013869625520111
7,3,0,1,1,1,8.94639218477938,13.0424539623074,16.7285136647617,22.2600639456707,1,0,1,22.2600639456707,0,0.343333333333333,206,20,5,6,1,22.2600639456707,0.0323624595469256
7,3,0,0,0,0,9.22160263872528,12.8751960275446,16.6708116256004,22.3744524972315,1,0,0,12.8751960275446,0,0.343333333333333,206,20,5,6,0,12.8751960275446,0.0323624595469256
7,3,0,0,1,1,10.5775842600341,15.562631856459,19.2909375837108,26.0592497477922,1,1,1,26.0592497477922,0,0.343333333333333,206,20,5,14,1,26.0592497477922,0.013869625520111
7,1,0,0,1,1,9.16839974006392,13.2402366592358,14.6971533491806,20.7406910217742,1,1,1,20.7406910217742,0,0,202,22,5,15,1,20.7406910217742,0.0145214521452145
7,1,0,0,1,1,10.7344179665977,16.9104972125124,16.6824977549411,24.461827796306,1,1,1,24.461827796306,0,0,202,22,5,15,1,24.461827796306,0.0145214521452145
7,3,0,0,1,1,11.9238584355918,15.5660152841638,18.7913990865835,23.6101842735433,1,1,1,23.6101842735433,0,0.343333333333333,206,20,5,14,1,23.6101842735433,0.013869625520111
7,2,0,1,1,1,10.8335257902176,15.1248599697237,17.5683977424136,23.9809995531541,1,1,1,23.9809995531541,0.32,0,192,18,5,13,1,23.9809995531541,0.0144230769230769
7,1,0,0,1,1,12.025583541707,16.6825856330245,18.6367701948208,25.1485836358151,1,1,1,25.1485836358151,0,0,202,22,5,15,1,25.1485836358151,0.0145214521452145
8,2,0,0,1,1,11.2240595920348,16.2992118939038,18.7752033491105,26.0632759576733,0,0,0,11.2240595920348,0.32,0,192,22,5,15,0,11.2240595920348,0.0152777777777778
8,2,0,0,1,1,12.5138146464986,16.3149177503335,22.0662303331898,27.7707533565709,0,0,0,12.5138146464986,0.32,0,192,22,5,15,0,12.5138146464986,0.0152777777777778
8,3,0,0,1,1,11.1682343799484,15.6943248572872,18.0934642334415,24.3039493912058,0,0,0,11.1682343799484,0,0.343333333333333,206,27,5,19,0,11.1682343799484,0.0137966274910577
8,2,0,0,0,1,11.4671822966919,14.767224514146,18.7223258761279,24.302676639262,0,1,0,11.4671822966919,0.32,0,192,22,5,7,0,11.4671822966919,0.0327380952380952
8,3,0,1,1,1,9.62040510049425,15.3494304053388,17.8860416689137,26.3902518027836,0,0,0,9.62040510049425,0,0.343333333333333,206,27,5,19,0,9.62040510049425,0.0137966274910577
8,3,0,0,0,1,12.8251120539774,20.1280527641784,21.6478129459086,31.1180800616056,0,0,0,12.8251120539774,0,0.343333333333333,206,27,5,19,0,12.8251120539774,0.0137966274910577
8,1,0,0,1,1,10.500672245854,15.7030668426178,17.5961724824238,25.3592567446338,0,0,0,10.500672245854,0,0,202,11,5,8,0,10.500672245854,0.0136138613861386
8,2,0,0,1,1,11.5687859268801,15.8316512437922,19.3816099105051,25.7407709421916,0,0,0,11.5687859268801,0.32,0,192,22,5,15,0,11.5687859268801,0.0152777777777778
8,2,0,0,1,1,9.01521988088767,14.2882647316871,15.3919736136612,22.852485761557,0,1,1,15.3919736136612,0.32,0,192,22,5,7,1,15.3919736136612,0.0327380952380952
8,2,0,0,0,1,10.4353317107225,15.9858184562021,15.4033373587981,23.2425050329827,0,0,0,10.4353317107225,0.32,0,192,22,5,15,0,10.4353317107225,0.0152777777777778
8,2,0,0,0,1,12.2337876340907,16.3223628542182,17.1243393679444,23.2777785133285,0,1,0,12.2337876340907,0.32,0,192,22,5,7,0,12.2337876340907,0.0327380952380952
8,3,0,0,1,1,7.93007744454103,12.7394976128154,15.6320846943784,21.5069170429274,0,0,0,7.93007744454103,0,0.343333333333333,206,27,5,19,0,7.93007744454103,0.0137966274910577
8,1,0,1,1,1,13.1129417926749,18.7794689449633,19.6367169538745,26.8272309745677,0,0,0,13.1129417926749,0,0,202,11,5,8,0,13.1129417926749,0.0136138613861386
8,2,1,1,1,1,11.7757737878261,18.0794070352998,17.2849247968839,25.8421516601468,0,0,1,17.2849247968839,0.32,0,192,22,5,15,1,17.2849247968839,0.0152777777777778
8,3,0,0,1,1,11.2769131736643,15.1454638725268,19.5070331494216,26.0430063170665,0,0,0,11.2769131736643,0,0.343333333333333,206,27,5,19,0,11.2769131736643,0.0137966274910577
8,3,0,0,1,1,6.83094945248787,11.8552365406529,14.6812399339821,22.1744577363203,0,0,0,6.83094945248787,0,0.343333333333333,206,27,5,19,0,6.83094945248787,0.0137966274910577
8,1,1,1,1,1,10.4246488071894,14.3915376087811,16.0390844935632,22.5433292620892,0,1,1,16.0390844935632,0,0,202,11,5,3,1,16.0390844935632,0.0363036303630363
8,3,0,0,1,1,8.84927270602442,13.9908985237301,16.5605669623947,23.0694846982345,0,0,0,8.84927270602442,0,0.343333333333333,206,27,5,19,0,8.84927270602442,0.0137966274910577
8,1,0,1,1,1,13.9880529826115,19.6729242368224,22.3728537577621,29.0966190094256,0,0,0,13.9880529826115,0,0,202,11,5,8,0,13.9880529826115,0.0136138613861386
8,2,0,0,1,1,10.1055312069842,17.0727205862043,16.4092278056471,25.3047551415867,0,0,0,10.1055312069842,0.32,0,192,22,5,15,0,10.1055312069842,0.0152777777777778
8,3,0,0,1,1,10.2004167107778,15.234814565436,18.3149078466265,25.8215349516967,0,1,1,18.3149078466265,0,0.343333333333333,206,27,5,8,1,18.3149078466265,0.0327669902912621
8,3,0,0,1,1,10.9881103396981,17.816875075119,18.1924197264271,26.4773730486818,0,1,1,18.1924197264271,0,0.343333333333333,206,27,5,8,1,18.1924197264271,0.0327669902912621
8,2,0,0,1,1,6.8010997348499,13.512678192552,14.0990033798975,22.9546342768466,0,0,0,6.8010997348499,0.32,0,192,22,5,15,0,6.8010997348499,0.0152777777777778
8,1,0,0,1,1,11.7293078423715,17.0370943056755,18.8334000489403,26.6401393961457,0,0,0,11.7293078423715,0,0,202,11,5,8,0,11.7293078423715,0.0136138613861386
8,3,0,1,1,1,8.81359251640332,15.4734986183235,16.9125974449982,25.7269268829261,0,0,0,8.81359251640332,0,0.343333333333333,206,27,5,19,0,8.81359251640332,0.0137966274910577
8,3,0,0,1,1,9.45524752218548,14.0992924389881,16.9850040331613,24.3226039365532,0,1,1,16.9850040331613,0,0.343333333333333,206,27,5,8,1,16.9850040331613,0.0327669902912621
8,1,0,0,1,1,7.32678928317238,13.1216876778304,12.1907001121692,20.2731928529984,0,0,0,7.32678928317238,0,0,202,11,5,8,0,7.32678928317238,0.0136138613861386
8,2,0,0,1,1,11.4144007285052,14.7944846434456,19.4214505144368,24.7282710166871,0,0,0,11.4144007285052,0.32,0,192,22,5,15,0,11.4144007285052,0.0152777777777778
8,3,0,1,1,1,8.93422757003497,12.423548357531,18.3134335408177,24.272574052107,0,0,0,8.93422757003497,0,0.343333333333333,206,27,5,19,0,8.93422757003497,0.0137966274910577
8,3,0,1,1,1,10.6576216977557,16.0519556452811,18.8891919433977,26.695372621496,0,0,0,10.6576216977557,0,0.343333333333333,206,27,5,19,0,10.6576216977557,0.0137966274910577
8,2,0,0,1,1,11.783132177062,16.1561942969483,18.7479342272719,25.5469908192584,0,0,0,11.783132177062,0.32,0,192,22,5,15,0,11.783132177062,0.0152777777777778
8,3,0,0,1,1,12.4517410858955,18.6142158953098,19.5607129602494,27.9403767887699,0,0,0,12.4517410858955,0,0.343333333333333,206,27,5,19,0,12.4517410858955,0.0137966274910577
8,3,0,0,1,1,9.45654718976713,16.2584779794028,18.3685138332482,27.533512249086,0,1,1,18.3685138332482,0,0.343333333333333,206,27,5,8,1,18.3685138332482,0.0327669902912621
8,2,0,0,1,1,8.4592653924441,13.0109987552198,15.4231976982627,22.6137200463447,0,0,0,8.4592653924441,0.32,0,192,22,5,15,0,8.4592653924441,0.0152777777777778
8,1,0,0,1,1,7.0587799558347,12.7913628716953,12.5722305121745,19.7960904277623,0,0,0,7.0587799558347,0,0,202,11,5,8,0,7.0587799558347,0.0136138613861386
8,1,0,0,1,1,12.7958413573761,17.7600651003734,18.8651622623986,26.0361614008551,0,0,0,12.7958413573761,0,0,202,11,5,8,0,12.7958413573761,0.0136138613861386
8,1,0,1,1,1,9.93223373786294,15.4768065172143,15.0066122187313,23.0305654625938,0,1,1,15.0066122187313,0,0,202,11,5,3,1,15.0066122187313,0.0363036303630363
8,3,0,1,1,1,7.30992911518866,13.2385068980937,15.4573385162629,23.5745776433408,0,1,1,15.4573385162629,0,0.343333333333333,206,27,5,8,1,15.4573385162629,0.0327669902912621
8,2,0,0,1,1,9.56754731327305,12.4852460395989,17.9363566002754,22.6311118799571,0,0,0,9.56754731327305,0.32,0,192,22,5,15,0,9.56754731327305,0.0152777777777778
8,3,0,0,1,1,8.27986210514245,11.8939396902667,17.2614363919597,22.9685697449136,0,1,1,17.2614363919597,0,0.343333333333333,206,27,5,8,1,17.2614363919597,0.0327669902912621
8,2,0,0,1,1,10.0433296531218,16.0265550401227,16.4406032608077,24.5222413943852,0,0,0,10.0433296531218,0.32,0,192,22,5,15,0,10.0433296531218,0.0152777777777778
8,3,0,0,1,1,11.4349634332581,16.2113108401234,21.6681526047586,29.2406694592854,0,0,0,11.4349634332581,0,0.343333333333333,206,27,5,19,0,11.4349634332581,0.0137966274910577
8,3,0,0,0,1,11.5042886523592,14.5879984864326,20.717662248514,26.2726473194017,0,0,0,11.5042886523592,0,0.343333333333333,206,27,5,19,0,11.5042886523592,0.0137966274910577
8,3,0,0,1,1,10.1412279320283,15.3063007655753,18.0006435063774,25.9041831112812,0,0,0,10.1412279320283,0,0.343333333333333,206,27,5,19,0,10.1412279320283,0.0137966274910577
8,3,0,1,1,1,8.13886155653208,12.0164971708252,15.2221402464081,21.4343669999396,0,1,1,15.2221402464081,0,0.343333333333333,206,27,5,8,1,15.2221402464081,0.0327669902912621
8,3,0,1,1,1,6.2470619515414,11.1531720377524,13.122115723174,20.5212603159903,0,0,0,6.2470619515414,0,0.343333333333333,206,27,5,19,0,6.2470619515414,0.0137966274910577
8,2,0,0,1,1,7.82675639479735,12.5689108120791,13.8694555039467,21.3099360211561,0,1,1,13.8694555039467,0.32,0,192,22,5,7,1,13.8694555039467,0.0327380952380952
8,3,0,1,1,1,9.97294635111431,14.1797603419166,17.49647448416,23.6891274237823,0,0,0,9.97294635111431,0,0.343333333333333,206,27,5,19,0,9.97294635111431,0.0137966274910577
8,1,0,1,1,1,8.1049593832398,15.8691677601929,14.4083420589473,23.2259658460732,0,1,1,14.4083420589473,0,0,202,11,5,3,1,14.4083420589473,0.0363036303630363
8,3,0,0,1,1,8.89427659852494,13.4818422012743,16.2294290378501,23.2710657372414,0,0,0,8.89427659852494,0,0.343333333333333,206,27,5,19,0,8.89427659852494,0.0137966274910577
8,2,0,0,1,1,12.4826271602056,18.1109868998048,18.378715289025,26.4464958006801,0,0,0,12.4826271602056,0.32,0,192,22,5,15,0,12.4826271602056,0.0152777777777778
8,3,0,0,1,1,11.6850708209217,16.2474961326125,19.2463636067314,25.945684332801,0,0,0,11.6850708209217,0,0.343333333333333,206,27,5,19,0,11.6850708209217,0.0137966274910577
8,1,0,0,1,1,9.69611003930325,15.1704745080047,18.1454262055023,26.162293210636,0,0,0,9.69611003930325,0,0,202,11,5,8,0,9.69611003930325,0.0136138613861386
8,2,0,0,1,1,9.5460559706002,15.0869636623156,16.8346276700356,24.5360059034593,0,1,1,16.8346276700356,0.32,0,192,22,5,7,1,16.8346276700356,0.0327380952380952
8,2,0,1,1,1,7.86701819873658,13.1473825555832,14.1286354972128,20.548817570663,0,1,1,14.1286354972128,0.32,0,192,22,5,7,1,14.1286354972128,0.0327380952380952
8,2,0,0,1,1,12.0127629686081,15.8607976611396,20.2091327837137,25.840614772986,0,0,0,12.0127629686081,0.32,0,192,22,5,15,0,12.0127629686081,0.0152777777777778
8,2,0,0,1,1,8.96173516833745,14.2671720972236,15.2383424070933,22.6017194247786,0,0,0,8.96173516833745,0.32,0,192,22,5,15,0,8.96173516833745,0.0152777777777778
8,3,0,1,1,1,9.63229237153401,15.0927342904748,18.0695261960158,25.7811372386889,0,0,0,9.63229237153401,0,0.343333333333333,206,27,5,19,0,9.63229237153401,0.0137966274910577
8,3,0,0,1,1,7.08319827851297,12.2504885977756,14.3407377575007,21.6726291818434,0,1,1,14.3407377575007,0,0.343333333333333,206,27,5,8,1,14.3407377575007,0.0327669902912621
8,2,0,0,1,1,9.97034892235068,14.6822287948394,16.5167703579993,22.5866363268415,0,1,1,16.5167703579993,0.32,0,192,22,5,7,1,16.5167703579993,0.0327380952380952
9,2,0,1,1,1,4.5925722976384,9.9569972305674,12.1331259105559,18.9940024932877,0,0,0,4.5925722976384,0.32,0,192,18,5,13,0,4.5925722976384,0.0144230769230769
9,3,0,0,1,1,10.5241544359164,16.590671133025,19.0294189789974,26.9405892824802,0,0,0,10.5241544359164,0,0.343333333333333,206,17,5,12,0,10.5241544359164,0.0137540453074434
9,1,0,1,1,1,9.54198581381527,14.4645392794772,16.8871621145047,23.9627677415071,0,0,0,9.54198581381527,0,0,202,25,5,17,0,9.54198581381527,0.0145602795573675
9,1,0,1,1,1,8.16665402177171,12.6045758710712,14.2682618316324,20.9235646847668,0,0,0,8.16665402177171,0,0,202,25,5,17,0,8.16665402177171,0.0145602795573675
9,1,0,1,1,1,8.49409994777223,12.7617870093158,13.9404090503582,19.9063566773193,0,1,1,13.9404090503582,0,0,202,25,5,8,1,13.9404090503582,0.0309405940594059
9,1,0,0,1,1,12.4226882534276,18.7517706614057,17.8295374434904,27.0698645313593,0,1,1,17.8295374434904,0,0,202,25,5,8,1,17.8295374434904,0.0309405940594059
9,2,0,0,1,1,6.74785982245689,12.0390083652821,13.1283771038255,19.8805235715408,0,1,1,13.1283771038255,0.32,0,192,18,5,5,1,13.1283771038255,0.0375
9,3,0,0,1,1,9.52055507131212,13.3400054293462,17.9436338677933,22.3224572866689,0,1,1,17.9436338677933,0,0.343333333333333,206,17,5,5,1,17.9436338677933,0.0330097087378641
9,3,0,0,0,1,9.26708483622103,14.4428462241987,16.6598611330778,23.8547311344533,0,0,0,9.26708483622103,0,0.343333333333333,206,17,5,12,0,9.26708483622103,0.0137540453074434
9,1,0,1,1,1,9.03133294683723,13.5778238941152,14.5864849986572,21.1772035711183,0,0,0,9.03133294683723,0,0,202,25,5,17,0,9.03133294683723,0.0145602795573675
9,1,0,0,1,1,6.19959687385897,11.7139286244015,12.0270176281644,18.85479086485,0,0,0,6.19959687385897,0,0,202,25,5,17,0,6.19959687385897,0.0145602795573675
9,2,0,0,1,1,11.900006008311,15.5149552235614,21.7871856975741,28.412688907248,0,0,0,11.900006008311,0.32,0,192,18,5,13,0,11.900006008311,0.0144230769230769
9,2,0,0,1,1,8.85928782401512,12.2777364429084,16.6087389751831,23.2838645427537,0,0,0,8.85928782401512,0.32,0,192,18,5,13,0,8.85928782401512,0.0144230769230769
9,1,0,0,1,1,10.5654763341103,15.3258406535162,15.0344100851161,21.2048105031903,0,1,1,15.0344100851161,0,0,202,25,5,8,1,15.0344100851161,0.0309405940594059
9,1,0,0,1,1,7.76340475470621,12.6226228085453,13.9266892978054,19.9235923501948,0,0,0,7.76340475470621,0,0,202,25,5,17,0,7.76340475470621,0.0145602795573675
9,1,0,0,1,1,10.4485613950279,12.2769168882357,16.2067667869909,19.4513915614496,0,0,0,10.4485613950279,0,0,202,25,5,17,0,10.4485613950279,0.0145602795573675
9,1,0,0,0,1,12.7434548039627,16.1943088736116,19.3239416554543,24.6838070288709,0,1,0,12.7434548039627,0,0,202,25,5,8,0,12.7434548039627,0.0309405940594059
9,2,0,1,1,1,11.0350343758919,14.893659911472,16.9321020073419,23.1981137146166,0,1,1,16.9321020073419,0.32,0,192,18,5,5,1,16.9321020073419,0.0375
9,2,0,0,1,1,8.83476160126408,15.3969479254284,15.8934710112083,25.4232796055093,0,0,0,8.83476160126408,0.32,0,192,18,5,13,0,8.83476160126408,0.0144230769230769
9,2,0,0,0,0,9.63263697585235,14.6758356962082,17.625255752217,25.8437774070264,0,0,0,9.63263697585235,0.32,0,192,18,5,13,0,9.63263697585235,0.0144230769230769
9,1,0,0,1,1,10.4222785684649,16.4926894961496,17.1357870130865,25.5019034526957,0,1,1,17.1357870130865,0,0,202,25,5,8,1,17.1357870130865,0.0309405940594059
9,3,0,0,1,1,10.6620559204938,15.2005826267088,17.6890812676981,24.1351096845721,0,1,1,17.6890812676981,0,0.343333333333333,206,17,5,5,1,17.6890812676981,0.0330097087378641
9,1,0,0,1,1,7.92454870654341,12.6801539539083,14.2536213413001,21.0348222417074,0,0,0,7.92454870654341,0,0,202,25,5,17,0,7.92454870654341,0.0145602795573675
9,1,0,0,1,1,9.4753330619173,15.1640336493702,16.5072235580121,23.1557318802646,0,1,1,16.5072235580121,0,0,202,25,5,8,1,16.5072235580121,0.0309405940594059
9,3,0,0,1,1,12.0718935682717,17.0333033007167,21.6791892139578,29.2508581528923,0,1,1,21.6791892139578,0,0.343333333333333,206,17,5,5,1,21.6791892139578,0.0330097087378641
9,1,0,0,1,1,8.35064413272573,13.661533741174,15.0077377909734,21.5623325890178,0,0,0,8.35064413272573,0,0,202,25,5,17,0,8.35064413272573,0.0145602795573675
9,3,0,1,1,1,8.92455198066306,13.8239459006019,15.3834797407198,22.413721600285,0,0,0,8.92455198066306,0,0.343333333333333,206,17,5,12,0,8.92455198066306,0.0137540453074434
9,3,0,0,1,1,10.5085501758503,15.4202168797865,19.0992122243739,26.0881104615198,0,0,0,10.5085501758503,0,0.343333333333333,206,17,5,12,0,10.5085501758503,0.0137540453074434
9,1,0,0,1,1,10.5737995564876,15.7899381998088,16.6410952369137,24.330442419189,0,1,1,16.6410952369137,0,0,202,25,5,8,1,16.6410952369137,0.0309405940594059
9,3,0,0,0,1,12.2112426957211,15.5839431532919,20.8619419805356,26.90382243764,0,0,0,12.2112426957211,0,0.343333333333333,206,17,5,12,0,12.2112426957211,0.0137540453074434
9,1,0,0,1,1,9.45492243219196,15.572272498678,16.760464867222,25.4826827606635,0,0,0,9.45492243219196,0,0,202,25,5,17,0,9.45492243219196,0.0145602795573675
9,2,0,0,1,1,9.00287452306083,15.0628323669001,14.96868186971,23.3402852732287,0,1,1,14.96868186971,0.32,0,192,18,5,5,1,14.96868186971,0.0375
9,2,0,0,1,1,9.6532986602247,12.7803814376914,14.6504729086733,18.6919754173718,0,0,0,9.6532986602247,0.32,0,192,18,5,13,0,9.6532986602247,0.0144230769230769
9,3,0,0,1,1,9.82092555263045,16.5265176585288,18.5706311008756,27.5234957122743,0,0,0,9.82092555263045,0,0.343333333333333,206,17,5,12,0,9.82092555263045,0.0137540453074434
9,3,0,0,1,1,9.66310086977814,14.2034235840425,17.3855869455245,24.4126464844117,0,0,0,9.66310086977814,0,0.343333333333333,206,17,5,12,0,9.66310086977814,0.0137540453074434
9,3,0,0,1,1,10.4496187057962,14.4917995829261,19.7378135052735,25.1634187127691,0,0,0,10.4496187057962,0,0.343333333333333,206,17,5,12,0,10.4496187057962,0.0137540453074434
9,3,0,1,1,1,9.01325743144827,14.1831717849664,15.4183540127634,21.8972946022826,0,1,1,15.4183540127634,0,0.343333333333333,206,17,5,5,1,15.4183540127634,0.0330097087378641
9,3,0,0,1,1,10.492740938897,15.8097257635019,18.6499129088808,25.1998010769063,0,0,0,10.492740938897,0,0.343333333333333,206,17,5,12,0,10.492740938897,0.0137540453074434
9,1,0,0,1,1,9.738608017793,15.2133402820087,16.4281938762718,23.6452559553188,0,0,0,9.738608017793,0,0,202,25,5,17,0,9.738608017793,0.0145602795573675
9,2,0,0,1,1,7.03474690681683,11.0164781431851,12.0660004203067,17.4469390979915,0,0,0,7.03474690681683,0.32,0,192,18,5,13,0,7.03474690681683,0.0144230769230769
9,2,0,0,1,1,11.6415241618437,15.5138555318951,18.3622208538835,23.9529775316374,0,0,0,11.6415241618437,0.32,0,192,18,5,13,0,11.6415241618437,0.0144230769230769
9,1,0,0,1,1,12.2382850103068,17.67830609323,17.1644633198379,24.4408686349008,0,0,0,12.2382850103068,0,0,202,25,5,17,0,12.2382850103068,0.0145602795573675
9,3,0,0,1,1,6.65823371378934,10.6705112512702,14.6292230196897,20.1971115550734,0,0,0,6.65823371378934,0,0.343333333333333,206,17,5,12,0,6.65823371378934,0.0137540453074434
9,1,0,0,1,1,11.1070572264167,16.9582433886844,19.4902088955737,27.5558518079943,0,0,0,11.1070572264167,0,0,202,25,5,17,0,11.1070572264167,0.0145602795573675
9,2,0,0,1,1,12.07635837645,17.3112289349495,20.1864208657747,28.2011743167453,0,0,0,12.07635837645,0.32,0,192,18,5,13,0,12.07635837645,0.0144230769230769
9,3,0,0,1,1,11.9754058951777,19.4227817510171,19.5311534091197,27.9277601948248,0,1,1,19.5311534091197,0,0.343333333333333,206,17,5,5,1,19.5311534091197,0.0330097087378641
9,1,0,0,1,1,11.6371206649559,16.2166261269799,17.3701567984197,23.7324486103682,0,0,0,11.6371206649559,0,0,202,25,5,17,0,11.6371206649559,0.0145602795573675
9,2,0,0,1,1,9.69605737492464,16.2092462246487,17.3721755903097,25.5367731642282,0,0,0,9.69605737492464,0.32,0,192,18,5,13,0,9.69605737492464,0.0144230769230769
9,2,0,0,1,1,10.4776853124425,16.9248232201135,16.8553663434259,24.8448080832104,0,0,0,10.4776853124425,0.32,0,192,18,5,13,0,10.4776853124425,0.0144230769230769
9,2,0,0,1,1,11.7756436682095,15.7566958093531,19.0572801474951,24.6398846596094,0,1,1,19.0572801474951,0.32,0,192,18,5,5,1,19.0572801474951,0.0375
9,1,0,0,1,1,12.0153888331245,17.0910281974545,17.8364126272956,25.1298372049504,0,0,0,12.0153888331245,0,0,202,25,5,17,0,12.0153888331245,0.0145602795573675
9,2,0,0,1,1,8.76628061253141,14.4714256507165,16.0011553070602,23.1365349600767,0,0,0,8.76628061253141,0.32,0,192,18,5,13,0,8.76628061253141,0.0144230769230769
9,1,0,1,1,1,7.79502721293037,12.9064073959659,14.3619526421586,21.5120638481686,0,0,0,7.79502721293037,0,0,202,25,5,17,0,7.79502721293037,0.0145602795573675
9,2,0,0,1,1,9.5774743059089,13.4677055578536,16.0971640289574,21.5905405983739,0,0,0,9.5774743059089,0.32,0,192,18,5,13,0,9.5774743059089,0.0144230769230769
9,3,0,1,1,1,11.6767619451107,15.3974262507335,18.4080966956267,24.0314331294324,0,0,0,11.6767619451107,0,0.343333333333333,206,17,5,12,0,11.6767619451107,0.0137540453074434
9,1,0,1,1,1,9.82535734273115,15.4053554734305,15.0621901640102,21.7866235766773,0,1,1,15.0621901640102,0,0,202,25,5,8,1,15.0621901640102,0.0309405940594059
9,3,0,0,1,1,14.3164649314472,18.3447340336269,22.2903706486723,29.1638555055375,0,0,0,14.3164649314472,0,0.343333333333333,206,17,5,12,0,14.3164649314472,0.0137540453074434
9,1,0,0,1,1,11.2296617972827,16.8475975658328,17.0031613539455,24.3376173187742,0,0,0,11.2296617972827,0,0,202,25,5,17,0,11.2296617972827,0.0145602795573675
9,1,0,0,1,1,7.88246312152197,13.8841389989517,15.6625590200422,24.6387193584274,0,0,0,7.88246312152197,0,0,202,25,5,17,0,7.88246312152197,0.0145602795573675
9,2,0,0,1,1,5.47389162283164,10.0352310327869,12.2085165399047,18.5811474346377,0,1,1,12.2085165399047,0.32,0,192,18,5,5,1,12.2085165399047,0.0375
10,2,0,0,1,1,9.29625527058946,13.0013024116645,16.2517870725819,21.2708440329192,0,0,0,9.29625527058946,0.32,0,192,20,5,14,0,9.29625527058946,0.0148809523809524
10,1,0,0,1,1,12.3046306650764,17.9329908716396,18.4647136115121,25.8025578203778,0,0,0,12.3046306650764,0,0,202,22,5,15,0,12.3046306650764,0.0145214521452145
10,3,0,0,1,1,11.8276990221046,16.6948208800647,20.259774953522,27.005975822081,0,0,0,11.8276990221046,0,0.343333333333333,206,18,5,13,0,11.8276990221046,0.0134428678117999
10,2,0,0,1,1,11.3836219892072,16.9470267911304,16.7790587910929,24.6458341025191,0,0,0,11.3836219892072,0.32,0,192,20,5,14,0,11.3836219892072,0.0148809523809524
10,2,0,0,1,1,7.36760635730576,10.6687727120061,14.8889461373488,19.8582952535793,0,0,0,7.36760635730576,0.32,0,192,20,5,14,0,7.36760635730576,0.0148809523809524
10,3,0,0,1,1,9.92280145916576,14.8731456130521,17.7536224871283,24.2440451531864,0,0,0,9.92280145916576,0,0.343333333333333,206,18,5,13,0,9.92280145916576,0.0134428678117999
10,2,0,0,1,1,8.83231107543736,13.7458710416168,16.9488466867679,23.8556027165267,0,1,1,16.9488466867679,0.32,0,192,20,5,6,1,16.9488466867679,0.0347222222222222
10,2,0,1,1,1,11.4948688313896,16.5564558606551,19.3981520684257,27.4435990906705,0,1,1,19.3981520684257,0.32,0,192,20,5,6,1,19.3981520684257,0.0347222222222222
10,2,0,0,0,1,9.58900683215844,14.5489486287389,18.1361485416365,24.2879356069418,0,1,0,9.58900683215844,0.32,0,192,20,5,6,0,9.58900683215844,0.0347222222222222
10,2,0,0,1,1,9.90847193707173,15.0648220591871,15.8171742459225,23.281774386554,0,1,1,15.8171742459225,0.32,0,192,20,5,6,1,15.8171742459225,0.0347222222222222
10,3,0,1,1,1,11.9106265852397,16.418939592138,18.2099057217743,24.8236862970615,0,1,1,18.2099057217743,0,0.343333333333333,206,18,5,5,1,18.2099057217743,0.0349514563106796
10,1,0,0,0,1,8.3115870110852,11.9144824276836,14.2804942668573,20.3573957403448,0,1,0,8.3115870110852,0,0,202,22,5,7,0,8.3115870110852,0.0311173974540311
10,3,0,0,1,1,11.0607273692131,15.5810830888842,18.306187345307,25.7766842401324,0,0,0,11.0607273692131,0,0.343333333333333,206,18,5,13,0,11.0607273692131,0.0134428678117999
10,1,0,0,1,1,9.0274397415868,14.3332619252304,16.3745823342863,23.6019209752672,0,0,0,9.0274397415868,0,0,202,22,5,15,0,9.0274397415868,0.0145214521452145
10,3,0,1,1,1,12.7952768932348,17.6491204100134,21.5814778330649,28.2936869274317,0,0,0,12.7952768932348,0,0.343333333333333,206,18,5,13,0,12.7952768932348,0.0134428678117999
10,1,0,0,1,1,13.0992120749028,17.6167473241402,19.2432877456754,25.6930910731036,0,1,1,19.2432877456754,0,0,202,22,5,7,1,19.2432877456754,0.0311173974540311
10,2,0,0,1,1,6.34054835613397,10.676856725234,14.8001005174527,21.0611492509357,0,0,0,6.34054835613397,0.32,0,192,20,5,14,0,6.34054835613397,0.0148809523809524
10,1,0,0,1,1,11.2351108281554,16.3909035789438,17.2431266782877,23.5960354985231,0,0,0,11.2351108281554,0,0,202,22,5,15,0,11.2351108281554,0.0145214521452145
10,1,0,1,1,1,11.155284712008,17.0840070486002,16.6965075133779,24.2320783441408,0,0,0,11.155284712008,0,0,202,22,5,15,0,11.155284712008,0.0145214521452145
10,1,0,1,1,1,8.68542985776516,12.7384356454957,16.2461632481024,22.5433112126388,0,0,0,8.68542985776516,0,0,202,22,5,15,0,8.68542985776516,0.0145214521452145
10,3,0,0,1,1,9.63909925243733,13.3603414904885,16.6511949778984,22.5296092316941,0,0,0,9.63909925243733,0,0.343333333333333,206,18,5,13,0,9.63909925243733,0.0134428678117999
10,1,0,0,1,1,9.85266576631228,15.4847188253731,17.5090252636017,25.4849843820316,0,1,1,17.5090252636017,0,0,202,22,5,7,1,17.5090252636017,0.0311173974540311
10,3,0,0,1,1,13.8195112762991,20.0457345690199,21.0837037188291,29.1979555513062,0,0,0,13.8195112762991,0,0.343333333333333,206,18,5,13,0,13.8195112762991,0.0134428678117999
10,2,0,0,1,1,13.1372169278988,16.37985344703,21.938699077937,27.0806764506438,0,0,0,13.1372169278988,0.32,0,192,20,5,14,0,13.1372169278988,0.0148809523809524
10,3,0,1,1,1,8.81167951174797,14.3759611982584,17.0780117676073,24.4510496224408,0,0,0,8.81167951174797,0,0.343333333333333,206,18,5,13,0,8.81167951174797,0.0134428678117999
10,1,0,0,1,1,5.72917682835467,9.6708030204009,12.7342627990734,17.9961412534587,0,1,1,12.7342627990734,0,0,202,22,5,7,1,12.7342627990734,0.0311173974540311
10,1,0,0,1,1,9.25747074875195,13.5303203409906,16.0800367674683,22.2868446524335,0,0,0,9.25747074875195,0,0,202,22,5,15,0,9.25747074875195,0.0145214521452145
10,3,0,1,1,1,9.92281710473931,15.5390549938369,19.2609083494824,27.0020708284444,0,1,1,19.2609083494824,0,0.343333333333333,206,18,5,5,1,19.2609083494824,0.0349514563106796
10,2,0,0,1,1,11.5030006769476,16.4085773516361,19.1311845504982,25.9225650826777,0,1,1,19.1311845504982,0.32,0,192,20,5,6,1,19.1311845504982,0.0347222222222222
10,3,0,0,1,1,10.1621574735114,15.2753545986283,20.0798553998926,27.1463807116419,0,0,0,10.1621574735114,0,0.343333333333333,206,18,5,13,0,10.1621574735114,0.0134428678117999
10,2,0,0,1,1,10.0132030199792,15.4471494310796,16.6364988720693,24.2877658798901,0,0,0,10.0132030199792,0.32,0,192,20,5,14,0,10.0132030199792,0.0148809523809524
10,2,0,0,1,1,12.4500675141917,17.5065287245443,17.9676392801106,24.6207895916944,0,0,0,12.4500675141917,0.32,0,192,20,5,14,0,12.4500675141917,0.0148809523809524
10,1,0,1,1,1,8.37943711828567,12.6622012192781,15.7238731386907,22.5675547896078,0,0,0,8.37943711828567,0,0,202,22,5,15,0,8.37943711828567,0.0145214521452145
10,2,0,0,1,1,9.95775327367217,14.5524727785595,16.7767647953241,23.3150422385722,0,0,0,9.95775327367217,0.32,0,192,20,5,14,0,9.95775327367217,0.0148809523809524
10,1,0,0,1,1,7.2021285758936,12.4754395626329,11.3528137634076,18.3623868202366,0,1,1,11.3528137634076,0,0,202,22,5,7,1,11.3528137634076,0.0311173974540311
10,1,0,0,1,1,7.3605121303019,12.8741396274006,12.6214951117828,20.4318301197214,0,1,1,12.6214951117828,0,0,202,22,5,7,1,12.6214951117828,0.0311173974540311
10,2,0,0,1,1,7.72639313485286,13.0520077216121,14.4163399174318,21.8518671562451,0,0,0,7.72639313485286,0.32,0,192,20,5,14,0,7.72639313485286,0.0148809523809524
10,3,0,0,1,1,12.4003010785416,18.3064663074878,20.123868544865,28.670521381746,0,1,1,20.123868544865,0,0.343333333333333,206,18,5,5,1,20.123868544865,0.0349514563106796
10,1,0,1,1,1,10.1659721901622,14.3145441759544,17.7843428173967,23.9535928798806,0,0,0,10.1659721901622,0,0,202,22,5,15,0,10.1659721901622,0.0145214521452145
10,2,0,1,1,1,8.3789629245739,12.7520201792561,16.8814548100426,22.7777601172677,0,0,0,8.3789629245739,0.32,0,192,20,5,14,0,8.3789629245739,0.0148809523809524
10,3,0,1,1,1,12.9438734372011,19.2560433028291,20.1103747708283,28.6299140208371,0,1,1,20.1103747708283,0,0.343333333333333,206,18,5,5,1,20.1103747708283,0.0349514563106796
10,2,0,0,1,1,13.0968818264392,18.3309142007922,20.0909137245146,26.957187748677,0,0,0,13.0968818264392,0.32,0,192,20,5,14,0,13.0968818264392,0.0148809523809524
10,1,0,1,1,1,12.0169035637953,18.0026173553886,18.2030403558541,25.7716968394009,0,0,0,12.0169035637953,0,0,202,22,5,15,0,12.0169035637953,0.0145214521452145
10,3,0,0,1,1,9.39512736629776,15.3464547337794,16.8649462246493,24.3801920738974,0,1,1,16.8649462246493,0,0.343333333333333,206,18,5,5,1,16.8649462246493,0.0349514563106796
10,1,0,1,1,1,7.3697711622168,12.5368210562521,13.4793000720513,20.3890577495433,0,0,0,7.3697711622168,0,0,202,22,5,15,0,7.3697711622168,0.0145214521452145
10,2,0,0,0,0,8.10417965600852,12.3971022779658,15.5413477168278,22.7213387207984,0,0,0,8.10417965600852,0.32,0,192,20,5,14,0,8.10417965600852,0.0148809523809524
10,2,0,0,1,1,5.84835348504483,9.46387089440865,11.4702417459129,16.526957543239,0,0,0,5.84835348504483,0.32,0,192,20,5,14,0,5.84835348504483,0.0148809523809524
10,1,0,0,1,1,11.0656066870086,14.7008769324708,17.6086620679211,23.2163331333522,0,0,0,11.0656066870086,0,0,202,22,5,15,0,11.0656066870086,0.0145214521452145
10,1,0,0,1,1,12.7472992107367,17.4687621310698,18.4382100826907,24.6736305224102,0,0,0,12.7472992107367,0,0,202,22,5,15,0,12.7472992107367,0.0145214521452145
10,1,0,1,1,1,11.9572067485875,17.9783455881957,18.3208109304112,26.9768266253905,0,0,0,11.9572067485875,0,0,202,22,5,15,0,11.9572067485875,0.0145214521452145
10,1,0,0,1,1,8.01243732098629,11.9782715744497,14.3452908398743,19.3456669314411,0,0,0,8.01243732098629,0,0,202,22,5,15,0,8.01243732098629,0.0145214521452145
10,3,0,0,1,1,8.8612697211819,12.4468696529237,18.7802006594821,24.8471523318892,0,0,0,8.8612697211819,0,0.343333333333333,206,18,5,13,0,8.8612697211819,0.0134428678117999
10,2,0,0,1,1,10.0644101597658,15.0049786220564,18.130205733867,24.9044911902206,0,1,1,18.130205733867,0.32,0,192,20,5,6,1,18.130205733867,0.0347222222222222
10,1,0,0,1,1,9.83937803710787,13.7178202121491,14.8084413410119,19.9630158443868,0,0,0,9.83937803710787,0,0,202,22,5,15,0,9.83937803710787,0.0145214521452145
10,3,0,0,1,1,9.54323575134355,15.1625126715244,16.575125652774,24.7309777000323,0,0,0,9.54323575134355,0,0.343333333333333,206,18,5,13,0,9.54323575134355,0.0134428678117999
10,1,0,0,1,1,7.41174880113516,10.555415250415,13.9319839239837,19.0476405593886,0,1,1,13.9319839239837,0,0,202,22,5,7,1,13.9319839239837,0.0311173974540311
10,3,0,0,1,1,8.58326835535414,11.2031456070115,16.4308890414815,20.5058692503091,0,0,0,8.58326835535414,0,0.343333333333333,206,18,5,13,0,8.58326835535414,0.0134428678117999
10,3,0,1,1,1,10.756523944349,14.7256389672625,19.3982474457393,25.448978481798,0,0,0,10.756523944349,0,0.343333333333333,206,18,5,13,0,10.756523944349,0.0134428678117999
10,2,0,0,1,1,10.4894844731962,15.2591266122776,15.9476607297161,22.6800272594046,0,0,0,10.4894844731962,0.32,0,192,20,5,14,0,10.4894844731962,0.0148809523809524
10,3,0,0,0,0,12.0727956240402,14.8365740741461,19.7253658917978,24.0422382008774,0,0,0,12.0727956240402,0,0.343333333333333,206,18,5,13,0,12.0727956240402,0.0134428678117999
